Id,Label,modularity_class
0xe50a5145483c22242be79bb231963b21cfd94041,0xe50a5145483c22242be79bb231963b21cfd94041,0
0x781fc3524d4d1737a9bd1f9657a61ecfe25af443,0x781fc3524d4d1737a9bd1f9657a61ecfe25af443,0
0x5bb526afb1d90b40073b7c304bab083fd9957255,0x5bb526afb1d90b40073b7c304bab083fd9957255,0
0x1e426f05b76dfbd78ec9a238118f54c74b7d2a89,0x1e426f05b76dfbd78ec9a238118f54c74b7d2a89,0
0x437911c3f83d5bd0b1340bbd0f0f606625154f30,0x437911c3f83d5bd0b1340bbd0f0f606625154f30,0
0x02535a353d2285fb8ee620db50472d3b08fff560,0x02535a353d2285fb8ee620db50472d3b08fff560,0
0xd4074c1e48e11615fd1cfe8cbe691f5ab944aaa6,0xd4074c1e48e11615fd1cfe8cbe691f5ab944aaa6,0
0xb3a2b86c8695122e059174a7f518fcc21a93fde2,0xb3a2b86c8695122e059174a7f518fcc21a93fde2,0
0xc1f010d9665de963f7f63256f9916b2a5c221e7c,0xc1f010d9665de963f7f63256f9916b2a5c221e7c,0
0x6c530544b8119b2b9d62fa4282c5f891623cce78,0x6c530544b8119b2b9d62fa4282c5f891623cce78,0
0xa0b86991c6218b36c1d19d4a2e9eb0ce3606eb48,0xa0b86991c6218b36c1d19d4a2e9eb0ce3606eb48,1
0xe2e27b49e405f6c25796167b2500c195f972ebac,0xe2e27b49e405f6c25796167b2500c195f972ebac,0
0x9b2cc63523f46ee5c4a5caa352695c6f0efe795f,0x9b2cc63523f46ee5c4a5caa352695c6f0efe795f,0
0xc5011d30034d89ce827a8125563fdeece1bad00c,0xc5011d30034d89ce827a8125563fdeece1bad00c,0
0x4ea9b08bb9df1b43beef1867efe23aa752afbc95,0x4ea9b08bb9df1b43beef1867efe23aa752afbc95,0
0xb4ff0db9fadc7f771cb1772b947c397a85704fbf,0xb4ff0db9fadc7f771cb1772b947c397a85704fbf,0
0x71147d6dba3f764fda1ea811d509444b09cc1e7b,0x71147d6dba3f764fda1ea811d509444b09cc1e7b,0
0x7c84d7e3829e004a49204d650883697bc7f06748,0x7c84d7e3829e004a49204d650883697bc7f06748,0
0x3007083eaa95497cd6b2b809fb97b6a30bdf53d3,0x3007083eaa95497cd6b2b809fb97b6a30bdf53d3,0
0x0000000000a39bb272e79075ade125fd351887ac,0x0000000000a39bb272e79075ade125fd351887ac,0
0x881d40237659c251811cec9c364ef91dc08d300c,0x881d40237659c251811cec9c364ef91dc08d300c,0
0xdac17f958d2ee523a2206206994597c13d831ec7,0xdac17f958d2ee523a2206206994597c13d831ec7,1
0x39da41747a83aee658334415666f3ef92dd0d541,0x39da41747a83aee658334415666f3ef92dd0d541,0
0x27ffec1d8cfd05d69e3f48dc39e9b2dd60ac724a,0x27ffec1d8cfd05d69e3f48dc39e9b2dd60ac724a,0
0x4e962d488412a14aa37eacadcb83f18c7e2271a7,0x4e962d488412a14aa37eacadcb83f18c7e2271a7,0
0xe7d3982e214f9dfd53d23a7f72851a7044072250,0xe7d3982e214f9dfd53d23a7f72851a7044072250,0
0x00000000000001ad428e4906ae43d8f9852d0dd6,0x00000000000001ad428e4906ae43d8f9852d0dd6,0
0xc02aaa39b223fe8d0a0e5c4f27ead9083c756cc2,0xc02aaa39b223fe8d0a0e5c4f27ead9083c756cc2,0
0xc7c962e44316e0c052448a0fdd1da15ea24fa9a9,0xc7c962e44316e0c052448a0fdd1da15ea24fa9a9,0
0xba53c502c92328ec40c36475042b59aba9c4ca03,0xba53c502c92328ec40c36475042b59aba9c4ca03,0
0x282a7d13152b3f51a3e31d46a2ca563f8554d85d,0x282a7d13152b3f51a3e31d46a2ca563f8554d85d,0
0xa41f28031d1165cd45c69e6ab9ba2a8be0201008,0xa41f28031d1165cd45c69e6ab9ba2a8be0201008,0
0x5a202eef5a30ef9495db64667321054b9ce6b185,0x5a202eef5a30ef9495db64667321054b9ce6b185,0
0x20c467db9b9fe0fa39d879b3f23c475582da2fba,0x20c467db9b9fe0fa39d879b3f23c475582da2fba,0
0xbe17d086b8429230de1afff2aebeaa5ddb965f3f,0xbe17d086b8429230de1afff2aebeaa5ddb965f3f,0
0x00000000006c3852cbef3e08e8df289169ede581,0x00000000006c3852cbef3e08e8df289169ede581,0
0xb2ce88ff98591a2db2a2f3f709b48dfb2b9ecb05,0xb2ce88ff98591a2db2a2f3f709b48dfb2b9ecb05,0
0x613cfff45ced7c58f47eabe2308516b75f2e6d46,0x613cfff45ced7c58f47eabe2308516b75f2e6d46,0
0x22f3136ebd7f1e18c954f8015beab8e0c1cefd63,0x22f3136ebd7f1e18c954f8015beab8e0c1cefd63,0
0xef1c6e67703c7bd7107eed8303fbe6ec2554bf6b,0xef1c6e67703c7bd7107eed8303fbe6ec2554bf6b,0
0x4dbd4fc535ac27206064b68ffcf827b0a60bab3f,0x4dbd4fc535ac27206064b68ffcf827b0a60bab3f,0
0x1fb5005c9e3044934d52e788ef4723bc4a18f25c,0x1fb5005c9e3044934d52e788ef4723bc4a18f25c,0
0x6131b5fae19ea4f9d964eac0408e4408b66337b5,0x6131b5fae19ea4f9d964eac0408e4408b66337b5,0
0xe61d386319d5c0ba6c673dbd27effc1c536a111a,0xe61d386319d5c0ba6c673dbd27effc1c536a111a,0
0xd999d53ee4e4c60a7a30c2f99a75f813eb978aec,0xd999d53ee4e4c60a7a30c2f99a75f813eb978aec,0
0x53c45ab1069d1b486eba10ecd9a2fa83d8cb7e9d,0x53c45ab1069d1b486eba10ecd9a2fa83d8cb7e9d,0
0x21d197b28bda2aca2433ca400bfa04f7adcd569b,0x21d197b28bda2aca2433ca400bfa04f7adcd569b,0
0xef8e456967122db4c3c160314bde8d2602ad6199,0xef8e456967122db4c3c160314bde8d2602ad6199,0
0x44aad22afbb2606d7828ca1f8f9e5af00e779ae1,0x44aad22afbb2606d7828ca1f8f9e5af00e779ae1,0
0x307432decf73e4f9f9074ffa8dc04b14a6f73410,0x307432decf73e4f9f9074ffa8dc04b14a6f73410,0
0xf1d091cbaa066ca42a25b072e15a4fda9688b00d,0xf1d091cbaa066ca42a25b072e15a4fda9688b00d,0
0x42744aa362230bce288060c02ab6a44884ed0b08,0x42744aa362230bce288060c02ab6a44884ed0b08,0
0xc18360217d8f7ab5e7c516566761ea12ce7f9d72,0xc18360217d8f7ab5e7c516566761ea12ce7f9d72,0
0x00000000000000adc04c56bf30ac9d3c0aaf14dc,0x00000000000000adc04c56bf30ac9d3c0aaf14dc,0
0x286e531f363768fed5e18b468f5b76a9ffc33af5,0x286e531f363768fed5e18b468f5b76a9ffc33af5,0
0x2ef60b8fb7c5ce4e4d545c7b76b7c14d9d3d28ca,0x2ef60b8fb7c5ce4e4d545c7b76b7c14d9d3d28ca,0
0xad8d0de33c43eefe104a279cdb6ae250c12e6214,0xad8d0de33c43eefe104a279cdb6ae250c12e6214,0
0xabea9132b05a70803a4e85094fd0e1800777fbef,0xabea9132b05a70803a4e85094fd0e1800777fbef,0
0x897e648bc35038b1808937990f973c622780c3f4,0x897e648bc35038b1808937990f973c622780c3f4,0
0x7581871e1c11f85ec7f02382632b8574fad11b22,0x7581871e1c11f85ec7f02382632b8574fad11b22,0
0x72b3b26848a30d3d76e5b67959a365b6ad388c49,0x72b3b26848a30d3d76e5b67959a365b6ad388c49,0
0xbe5532cc8891719433dd1f84ba2216c3607a995c,0xbe5532cc8891719433dd1f84ba2216c3607a995c,0
0x3b8c2feb0f4953870f825df64322ec967aa26b8c,0x3b8c2feb0f4953870f825df64322ec967aa26b8c,0
0xdbcfd333629f6b02f150d36e087d48b67bdf43de,0xdbcfd333629f6b02f150d36e087d48b67bdf43de,0
0x1111111254fb6c44bac0bed2854e76f90643097d,0x1111111254fb6c44bac0bed2854e76f90643097d,0
0xf35048be8f5d5d47546ec2b787f660ec1ffc48ac,0xf35048be8f5d5d47546ec2b787f660ec1ffc48ac,0
0xa35923162c49cf95e6bf26623385eb431ad920d3,0xa35923162c49cf95e6bf26623385eb431ad920d3,0
0x5f190f9082878ca141f858c1c90b4c59fe2782c5,0x5f190f9082878ca141f858c1c90b4c59fe2782c5,0
0x6e785f2fdbdc899f8f08cc1517f82a585b44f9c5,0x6e785f2fdbdc899f8f08cc1517f82a585b44f9c5,0
0x68b3465833fb72a70ecdf485e0e4c7bd8665fc45,0x68b3465833fb72a70ecdf485e0e4c7bd8665fc45,0
0xe4ebab52aad527c5ee51f218bf10109f4145524c,0xe4ebab52aad527c5ee51f218bf10109f4145524c,0
0x14e645e2bb0e15c87230c6206e2c85b494c4a116,0x14e645e2bb0e15c87230c6206e2c85b494c4a116,0
0xaacc51327ad63e22a63d8e1b2187716182d56dad,0xaacc51327ad63e22a63d8e1b2187716182d56dad,0
0x277f448a4d43318ea626fd224b3bf77295387d68,0x277f448a4d43318ea626fd224b3bf77295387d68,0
0xd1466d7a2e13a47677608f68093c5ea9fe910611,0xd1466d7a2e13a47677608f68093c5ea9fe910611,0
0x4a84cadaba5b2d7df97fb37096e80525c37afa11,0x4a84cadaba5b2d7df97fb37096e80525c37afa11,0
0xb711b181b3de33e18496b6fde1de4b7a19a6e0cd,0xb711b181b3de33e18496b6fde1de4b7a19a6e0cd,0
0xbb6b04a5af1609625989b885193de420493cdd91,0xbb6b04a5af1609625989b885193de420493cdd91,0
0x776b818b0464d499458a7129b758e93146ad15c4,0x776b818b0464d499458a7129b758e93146ad15c4,0
0x000000000000ad05ccc4f10045630fb830b95127,0x000000000000ad05ccc4f10045630fb830b95127,0
0x4d224452801aced8b2f0aebe155379bb5d594381,0x4d224452801aced8b2f0aebe155379bb5d594381,1
0x5f0247564dd6ecfdf4663abf5fdf00379a9861c5,0x5f0247564dd6ecfdf4663abf5fdf00379a9861c5,0
0x4a527d8fc13c5203ab24ba0944f4cb14658d1db6,0x4a527d8fc13c5203ab24ba0944f4cb14658d1db6,0
0x819c1a1568934ee59d9f3c8b9640908556c44140,0x819c1a1568934ee59d9f3c8b9640908556c44140,0
0x64b78325d7495d6d4be92f234fa3f3b8d8964b8b,0x64b78325d7495d6d4be92f234fa3f3b8d8964b8b,0
0x67cc642f32d724724765dbc40472a3d520b9e02a,0x67cc642f32d724724765dbc40472a3d520b9e02a,0
0xc356d06b4f12d999ace3c736b92fa75290af73e8,0xc356d06b4f12d999ace3c736b92fa75290af73e8,0
0x44e94034afce2dd3cd5eb62528f239686fc8f162,0x44e94034afce2dd3cd5eb62528f239686fc8f162,0
0x092150fa053e79a9faeb8f9633bb77c14249eee4,0x092150fa053e79a9faeb8f9633bb77c14249eee4,0
0x303389f541ff2d620e42832f180a08e767b28e10,0x303389f541ff2d620e42832f180a08e767b28e10,0
0xc30141b657f4216252dc59af2e7cdb9d8792e1b0,0xc30141b657f4216252dc59af2e7cdb9d8792e1b0,0
0x94d676b6550a1a0cee48754a1ad52ecf9edc7013,0x94d676b6550a1a0cee48754a1ad52ecf9edc7013,0
0xa348756ea381264798a27b3c36f09ff5dde6e195,0xa348756ea381264798a27b3c36f09ff5dde6e195,0
0x13303b4ee819fac204be5ef77523cfcd558c082f,0x13303b4ee819fac204be5ef77523cfcd558c082f,0
0x6609e542e0626bc3fc2110f0ead172030fbe97ab,0x6609e542e0626bc3fc2110f0ead172030fbe97ab,0
0xa4ff6ffa9dbdbc647b4e150e9c1017853a9ed139,0xa4ff6ffa9dbdbc647b4e150e9c1017853a9ed139,0
0xdfb29501b42f63a947ddc5249f185d6bcbe6986f,0xdfb29501b42f63a947ddc5249f185d6bcbe6986f,0
0x513ef3f0d5259a0819370459a86930d047bf8e9d,0x513ef3f0d5259a0819370459a86930d047bf8e9d,0
0x16d5a408e807db8ef7c578279beeee6b228f1c1c,0x16d5a408e807db8ef7c578279beeee6b228f1c1c,0
0xae78736cd615f374d3085123a210448e74fc6393,0xae78736cd615f374d3085123a210448e74fc6393,0
0x54fec6309b53a31e65593f196b4c58f7a704a361,0x54fec6309b53a31e65593f196b4c58f7a704a361,0
0x084b1c3c81545d370f3634392de611caabff8148,0x084b1c3c81545d370f3634392de611caabff8148,0
0x4d7a34632da14d5fc4c548d435caabc444b87839,0x4d7a34632da14d5fc4c548d435caabc444b87839,0
0x7f268357a8c2552623316e2562d90e642bb538e5,0x7f268357a8c2552623316e2562d90e642bb538e5,0
0x5d62fb8dcd9b480960f55956fbdd8d9f07f2b402,0x5d62fb8dcd9b480960f55956fbdd8d9f07f2b402,0
0x1bf979282181f2b7a640d17ab5d2e25125f2de5e,0x1bf979282181f2b7a640d17ab5d2e25125f2de5e,0
0x3404684960fb687f2217b6e44a547130f4119c59,0x3404684960fb687f2217b6e44a547130f4119c59,0
0x65cedc83561cc96f0b9b7a68883f8c0116ca3d59,0x65cedc83561cc96f0b9b7a68883f8c0116ca3d59,0
0xea7e9a5e6c4c0316dbca127ad8c294d238eebb85,0xea7e9a5e6c4c0316dbca127ad8c294d238eebb85,0
0x97d9b83030cb6b9edc7682c09e1d6a1a798d4002,0x97d9b83030cb6b9edc7682c09e1d6a1a798d4002,0
0x174ae882db769592af90068c252a0c4bb9e6bca5,0x174ae882db769592af90068c252a0c4bb9e6bca5,0
0xebfe1ab93d1122e065adcafd8c3174261e8e726f,0xebfe1ab93d1122e065adcafd8c3174261e8e726f,0
0x87e4590c885a6c7dd4f5b617a97f4d9baa1eadd7,0x87e4590c885a6c7dd4f5b617a97f4d9baa1eadd7,0
0x3f3456d6c344089fd8495c830e5255adf82c8feb,0x3f3456d6c344089fd8495c830e5255adf82c8feb,0
0xf6e60b217a15676bcfd8d35592d13d9f11f1fe1c,0xf6e60b217a15676bcfd8d35592d13d9f11f1fe1c,0
0x660e8ac72dd2c4b69fbefd0c89824c7e0a88e8a2,0x660e8ac72dd2c4b69fbefd0c89824c7e0a88e8a2,0
0xd93206bd0062cc054e397ecccdb8436c3fa5700e,0xd93206bd0062cc054e397ecccdb8436c3fa5700e,0
0xc24f7c14ec350a7dbcc08673aeef4e87c726fe11,0xc24f7c14ec350a7dbcc08673aeef4e87c726fe11,0
0x6f75beaa3d3d8a15e08a9f499464c696fc4d4cde,0x6f75beaa3d3d8a15e08a9f499464c696fc4d4cde,0
0x5283d291dbcf85356a21ba090e6db59121208b44,0x5283d291dbcf85356a21ba090e6db59121208b44,0
0xd605f1cfc197664d6ff8a13265ef46a3def3b0d4,0xd605f1cfc197664d6ff8a13265ef46a3def3b0d4,0
0x53f451165ba6fdbe39a134673d13948261b2334a,0x53f451165ba6fdbe39a134673d13948261b2334a,0
0x51d3bc729b3f863075bf3f8d3d967ccd06df20af,0x51d3bc729b3f863075bf3f8d3d967ccd06df20af,0
0x3a94ca9ece277c7b5e627a5da6251ac35f815ce0,0x3a94ca9ece277c7b5e627a5da6251ac35f815ce0,0
0x73df0c88f3b0e553d8bef7605f5750e07a8c36a8,0x73df0c88f3b0e553d8bef7605f5750e07a8c36a8,0
0xb877c15c2eb728b3f6a81058ef9c84ac7cd66ed9,0xb877c15c2eb728b3f6a81058ef9c84ac7cd66ed9,0
0x90134955c2c0f19beab800da4c2ec0aec761cb19,0x90134955c2c0f19beab800da4c2ec0aec761cb19,0
0xda82d688e815916b0197c3c537fa76c9b43f71dc,0xda82d688e815916b0197c3c537fa76c9b43f71dc,1
0x7d1afa7b718fb893db30a3abc0cfc608aacfebb0,0x7d1afa7b718fb893db30a3abc0cfc608aacfebb0,1
0xe66b31678d6c16e9ebf358268a790b763c133750,0xe66b31678d6c16e9ebf358268a790b763c133750,0
0xf32c2870e3917e9d837059928b23b460f64f8bd1,0xf32c2870e3917e9d837059928b23b460f64f8bd1,0
0xf148aab62a44c8d978ec0bdc6bbb7bd19fadc223,0xf148aab62a44c8d978ec0bdc6bbb7bd19fadc223,0
0x4bb08998a697d0db666783ba5b56e85b33ba262f,0x4bb08998a697d0db666783ba5b56e85b33ba262f,0
0x80dc9a538b0a02b36d29020293aef1b9ab16223b,0x80dc9a538b0a02b36d29020293aef1b9ab16223b,0
0x0787b2687613bfc78f5668784306d2ba1af20cd7,0x0787b2687613bfc78f5668784306d2ba1af20cd7,0
0xb6e41485e7786d6c841314f15051adf48da7c56a,0xb6e41485e7786d6c841314f15051adf48da7c56a,0
0x58bfc907bb3dda1861bff8a0aca01e9be122ada0,0x58bfc907bb3dda1861bff8a0aca01e9be122ada0,0
0x20838510382cc01f9f8dc1aa065440f3ccc0a0ff,0x20838510382cc01f9f8dc1aa065440f3ccc0a0ff,0
0x4b085138260814f39aad937aab140408afa7e6cb,0x4b085138260814f39aad937aab140408afa7e6cb,0
0x0ab87046fbb341d058f17cbc4c1133f25a20a52f,0x0ab87046fbb341d058f17cbc4c1133f25a20a52f,0
0x4da0c48376c277cdbd7fc6fdc6936dee3e4adf75,0x4da0c48376c277cdbd7fc6fdc6936dee3e4adf75,0
0xfda82573483f52294a7bb24613cd7169cb33a869,0xfda82573483f52294a7bb24613cd7169cb33a869,0
0x41d6f82de64abbfe963a1483e6ae6e0b82f6e4e0,0x41d6f82de64abbfe963a1483e6ae6e0b82f6e4e0,0
0x6982508145454ce325ddbe47a25d4ec3d2311933,0x6982508145454ce325ddbe47a25d4ec3d2311933,0
0xd774557b647330c91bf44cfeab205095f7e6c367,0xd774557b647330c91bf44cfeab205095f7e6c367,0
0xc580a7d90ee5a2a74d76376548d34a5632d995d9,0xc580a7d90ee5a2a74d76376548d34a5632d995d9,0
0x96268daf15c91e228db73bc24fb300e6faef3d65,0x96268daf15c91e228db73bc24fb300e6faef3d65,0
0x0e33fd2db4f140dca8f65671c40e36f8fd648fff,0x0e33fd2db4f140dca8f65671c40e36f8fd648fff,0
0xf216c9e7414e84a37f5c24148fa8899cb674ab84,0xf216c9e7414e84a37f5c24148fa8899cb674ab84,0
0x48b243f9a549402faf54c95136a725961730cf18,0x48b243f9a549402faf54c95136a725961730cf18,0
0x6f1a21fbb911c988f24d14f799843b64aac246c2,0x6f1a21fbb911c988f24d14f799843b64aac246c2,0
0x96431233a9b40ea75e8baaca48bce8ccef5ea863,0x96431233a9b40ea75e8baaca48bce8ccef5ea863,0
0x5cac8595f7b4dec508062b1572736ccd8de27e4a,0x5cac8595f7b4dec508062b1572736ccd8de27e4a,0
0x57f1887a8bf19b14fc0df6fd9b2acc9af147ea85,0x57f1887a8bf19b14fc0df6fd9b2acc9af147ea85,0
0xd391032fec8877953c51399c7c77fbcc93ee3e2a,0xd391032fec8877953c51399c7c77fbcc93ee3e2a,0
0xb7be4001bff2c5f4a61dd2435e4c9a19d8d12343,0xb7be4001bff2c5f4a61dd2435e4c9a19d8d12343,0
0xf661d58cfe893993b11d53d11148c4650590c692,0xf661d58cfe893993b11d53d11148c4650590c692,0
0xf69159f21d9262b648ad6967796213119a89d57a,0xf69159f21d9262b648ad6967796213119a89d57a,0
0x7723e7257662df7702381474eec08d43104110c1,0x7723e7257662df7702381474eec08d43104110c1,0
0xde659726cfd166aca4867994d396efef386ead68,0xde659726cfd166aca4867994d396efef386ead68,0
0xd0624a5804da7a85a4185730a41c52db21ccc60c,0xd0624a5804da7a85a4185730a41c52db21ccc60c,0
0x0d9dd8ec58c749a3b8f728e363d900189567dd93,0x0d9dd8ec58c749a3b8f728e363d900189567dd93,0
0x2cd3a2eebb970be23f97de8a942f77a4334bbab5,0x2cd3a2eebb970be23f97de8a942f77a4334bbab5,0
0x82e9529325a9ef1cde66cb9b748fca7e0deee663,0x82e9529325a9ef1cde66cb9b748fca7e0deee663,0
0x296059951ce945e65db7d9240d42165904178e0b,0x296059951ce945e65db7d9240d42165904178e0b,0
0x7b72b666d9022b4a75b444fde55f7b6c4533fce7,0x7b72b666d9022b4a75b444fde55f7b6c4533fce7,0
0xa822baa87a6965f901c4e1ec8fc5c4f2f0a2f4fe,0xa822baa87a6965f901c4e1ec8fc5c4f2f0a2f4fe,0
0xbecf19657579eb17698dcb8f56e7d52f731fa7f8,0xbecf19657579eb17698dcb8f56e7d52f731fa7f8,0
0xe75512aa3bec8f00434bbd6ad8b0a3fbff100ad6,0xe75512aa3bec8f00434bbd6ad8b0a3fbff100ad6,0
0xba30e5f9bb24caa003e9f2f0497ad287fdf95623,0xba30e5f9bb24caa003e9f2f0497ad287fdf95623,0
0x764aeebcf425d56800ef2c84f2578689415a2daa,0x764aeebcf425d56800ef2c84f2578689415a2daa,0
0x74312363e45dcaba76c59ec49a7aa8a65a67eed3,0x74312363e45dcaba76c59ec49a7aa8a65a67eed3,0
0x4d6283b4198c0039f2addc6a8784bbdef6e259eb,0x4d6283b4198c0039f2addc6a8784bbdef6e259eb,0
0x638a98bbb92a7582d07c52ff407d49664dc8b3ee,0x638a98bbb92a7582d07c52ff407d49664dc8b3ee,0
0x790b2cf29ed4f310bf7641f013c65d4560d28371,0x790b2cf29ed4f310bf7641f013c65d4560d28371,0
0x8cae61967466ebbf15c12dc802b29594bc04efc6,0x8cae61967466ebbf15c12dc802b29594bc04efc6,0
0x5c0796ed4f0b1de9f9eda9fd6fe29562b2a60296,0x5c0796ed4f0b1de9f9eda9fd6fe29562b2a60296,0
0x1b6b89b8b7022add8cdb2212b58dc7b9f8a98ed8,0x1b6b89b8b7022add8cdb2212b58dc7b9f8a98ed8,0
0x12970e6868f88f6557b76120662c1b3e50a646bf,0x12970e6868f88f6557b76120662c1b3e50a646bf,0
0x3ee18b2214aff97000d974cf647e7c347e8fa585,0x3ee18b2214aff97000d974cf647e7c347e8fa585,0
0x15f20f9dfdf96ccf6ac96653b7c0abfe4a9c9f0f,0x15f20f9dfdf96ccf6ac96653b7c0abfe4a9c9f0f,0
0xe4edb277e41dc89ab076a1f049f4a3efa700bce8,0xe4edb277e41dc89ab076a1f049f4a3efa700bce8,0
0x3aa13f0b6991f0a6fbfd874fffe380b72e839b24,0x3aa13f0b6991f0a6fbfd874fffe380b72e839b24,0
0x529a4e15b3ce13523417f945ecd0959ff71e0a9e,0x529a4e15b3ce13523417f945ecd0959ff71e0a9e,0
0x00005ea00ac477b1030ce78506496e8c2de24bf5,0x00005ea00ac477b1030ce78506496e8c2de24bf5,0
0x3d71287277c98a649928d519a8bd344894e8704e,0x3d71287277c98a649928d519a8bd344894e8704e,0
0xa8c12639ef7dab08f056264471bb36cad03b5228,0xa8c12639ef7dab08f056264471bb36cad03b5228,0
0x9fff0b1a6e9e9554baf3f8a39b6353fda9c30054,0x9fff0b1a6e9e9554baf3f8a39b6353fda9c30054,0
0xbe9371326f91345777b04394448c23e2bfeaa826,0xbe9371326f91345777b04394448c23e2bfeaa826,0
0x9674739124d69d555712a30e0a44de648f494219,0x9674739124d69d555712a30e0a44de648f494219,0
0x72636fa84883a0dbe1cbcc4ab000a4c40d7520c0,0x72636fa84883a0dbe1cbcc4ab000a4c40d7520c0,0
0xf637d3eb55ad7f859543d1b5bd4bbcf93b6fa5a5,0xf637d3eb55ad7f859543d1b5bd4bbcf93b6fa5a5,0
0xb98850497a59d8ed5c1b9d228969775de050409a,0xb98850497a59d8ed5c1b9d228969775de050409a,0
0x3dd5bf581484a5b88cbe8652e6e1b6e18c5dc71f,0x3dd5bf581484a5b88cbe8652e6e1b6e18c5dc71f,0
0x322dee2f729dd1abf030d4a5cba831ec5e905347,0x322dee2f729dd1abf030d4a5cba831ec5e905347,0
0x618e9452e407cf5f1435444c73e5c842b210200c,0x618e9452e407cf5f1435444c73e5c842b210200c,0
0x7057086793f5712623bf2cfba34c5e374e3de7e0,0x7057086793f5712623bf2cfba34c5e374e3de7e0,0
0xc7f8309622bf1167eb5430d131ba137770479556,0xc7f8309622bf1167eb5430d131ba137770479556,0
0x7f436733b4b09197a1068d21cc1c88f4e908e606,0x7f436733b4b09197a1068d21cc1c88f4e908e606,0
0x4fe37cd47c6b6dd48cc6da2576569651dfbbc834,0x4fe37cd47c6b6dd48cc6da2576569651dfbbc834,0
0xb96094e7338606a27fe8e13dcafb0a45b15b4691,0xb96094e7338606a27fe8e13dcafb0a45b15b4691,0
0x11181bd3baf5ce2a478e98361985d42625de35d1,0x11181bd3baf5ce2a478e98361985d42625de35d1,0
0x6bca6de2dbdc4e0d41f7273011785ea16ba47182,0x6bca6de2dbdc4e0d41f7273011785ea16ba47182,0
0x26141f4a62f498a61ede1edaa6407525bc023144,0x26141f4a62f498a61ede1edaa6407525bc023144,0
0x46c1bfae04c19aa6b114a0fc3ef78d19c9256763,0x46c1bfae04c19aa6b114a0fc3ef78d19c9256763,0
0xd153f0014db6d1f339c6340d2c9f59214355d9d7,0xd153f0014db6d1f339c6340d2c9f59214355d9d7,0
0x9b6bf20ca2b5a4fdec681e75cfa9a7a5315bf36f,0x9b6bf20ca2b5a4fdec681e75cfa9a7a5315bf36f,0
0x3fe476aaa285c3a24fe20fb296a3a5d5189a9eb8,0x3fe476aaa285c3a24fe20fb296a3a5d5189a9eb8,0
0x089eab60e82ec67ea2d36de0f18b6a0dc6834c64,0x089eab60e82ec67ea2d36de0f18b6a0dc6834c64,0
0x1111111254eeb25477b68fb85ed929f73a960582,0x1111111254eeb25477b68fb85ed929f73a960582,0
0x7d6b5892210ee247b410b3bb5c94e1fe077857ea,0x7d6b5892210ee247b410b3bb5c94e1fe077857ea,0
0x495f947276749ce646f68ac8c248420045cb7b5e,0x495f947276749ce646f68ac8c248420045cb7b5e,0
0x46f11558443d766dc9360d368d4560d729bf772f,0x46f11558443d766dc9360d368d4560d729bf772f,0
0xbb0e17ef65f82ab018d8edd776e8dd940327b28b,0xbb0e17ef65f82ab018d8edd776e8dd940327b28b,1
0x032df438eff5b5ac658cf4082425ce14f034a97c,0x032df438eff5b5ac658cf4082425ce14f034a97c,0
0x64192819ac13ef72bf6b5ae239ac672b43a9af08,0x64192819ac13ef72bf6b5ae239ac672b43a9af08,0
0x7a5f833ae3cf0761baab4aa14eafd56ba79523be,0x7a5f833ae3cf0761baab4aa14eafd56ba79523be,0
0x5383c23941dfc977789e853a442adc86bf1f1370,0x5383c23941dfc977789e853a442adc86bf1f1370,0
0x0cfc80c8d057e3eaad4eeb60f576f7e29b73ae4a,0x0cfc80c8d057e3eaad4eeb60f576f7e29b73ae4a,0
0x03b8f29792d5f1732c0c9ece0bd638b4e482df96,0x03b8f29792d5f1732c0c9ece0bd638b4e482df96,0
0x586b1b3d35264f6b43c16a8a7fa469bd3b22b18a,0x586b1b3d35264f6b43c16a8a7fa469bd3b22b18a,0
0x5f32d31778a8588cfa0af9ca996b989d288832fe,0x5f32d31778a8588cfa0af9ca996b989d288832fe,0
0xdd67874a763498a3d040167ebeab9743f5493090,0xdd67874a763498a3d040167ebeab9743f5493090,0
0xcf6efe6cad0f9428f2b5f95cff90122dcd3bb4bc,0xcf6efe6cad0f9428f2b5f95cff90122dcd3bb4bc,0
0x8982efb4c88ec7cfd53c19bac44942f86e97f6e7,0x8982efb4c88ec7cfd53c19bac44942f86e97f6e7,0
0x19d62776693fbc90e0f1a21b791c9643a6526110,0x19d62776693fbc90e0f1a21b791c9643a6526110,0
0x3a59e2a3c8ba06b5383e3cae21282c09ccbf80a1,0x3a59e2a3c8ba06b5383e3cae21282c09ccbf80a1,0
0x05535411d8d2f25567f444b0fb918beea9160d5c,0x05535411d8d2f25567f444b0fb918beea9160d5c,0
0xc4448b71118c9071bcb9734a0eac55d18a153949,0xc4448b71118c9071bcb9734a0eac55d18a153949,0
0x0a9f824c05a74f577a536a8a0c673183a872dff4,0x0a9f824c05a74f577a536a8a0c673183a872dff4,0
0x32400084c286cf3e17e7b677ea9583e60a000324,0x32400084c286cf3e17e7b677ea9583e60a000324,0
0xed19fd9b972d301d85d9fecdcb5124486ef95935,0xed19fd9b972d301d85d9fecdcb5124486ef95935,0
0x80c67432656d59144ceff962e8faf8926599bcf8,0x80c67432656d59144ceff962e8faf8926599bcf8,0
0x3c8f3d3311f37d29b63f3f857ca241da55ad8f32,0x3c8f3d3311f37d29b63f3f857ca241da55ad8f32,0
0x15d4c048f83bd7e37d49ea4c83a07267ec4203da,0x15d4c048f83bd7e37d49ea4c83a07267ec4203da,1
0x9f452b7cc24e6e6fa690fe77cf5dd2ba3dbf1ed9,0x9f452b7cc24e6e6fa690fe77cf5dd2ba3dbf1ed9,0
0x9da2c7d27df3d81d5d0270dc388ac5682cd1f441,0x9da2c7d27df3d81d5d0270dc388ac5682cd1f441,0
0x3dd98c8a089dbcff7e8fc8d4f532bd493501ab7f,0x3dd98c8a089dbcff7e8fc8d4f532bd493501ab7f,0
0xc36cf0cfcb5d905b8b513860db0cfe63f6cf9f5c,0xc36cf0cfcb5d905b8b513860db0cfe63f6cf9f5c,0
0x05b2d651b4faff58f4283c12a185a3c977ef6f5b,0x05b2d651b4faff58f4283c12a185a3c977ef6f5b,0
0xbd8451d2d5fb88469a764b05c1e0b623c5106145,0xbd8451d2d5fb88469a764b05c1e0b623c5106145,0
0x943a9e521cb588f3bcf6b21c7b06ba087791b00c,0x943a9e521cb588f3bcf6b21c7b06ba087791b00c,0
0x31910cec7b3d1a8a40de7d4101d5e6292ac67287,0x31910cec7b3d1a8a40de7d4101d5e6292ac67287,0
0x17d65ef64e2e395ab412fbba3643e0ed85c01d23,0x17d65ef64e2e395ab412fbba3643e0ed85c01d23,0
0xc6308159c6c9ea25bf2c00d412bfe894ca34ccab,0xc6308159c6c9ea25bf2c00d412bfe894ca34ccab,0
0xfa5d4a1d48fe98feacc7273db23bab2444dd163d,0xfa5d4a1d48fe98feacc7273db23bab2444dd163d,0
0x5a3063daa1c8939461e9fbd546de308c20540216,0x5a3063daa1c8939461e9fbd546de308c20540216,0
0x767785a8f4f7583c3a79ae59183d605fdb8b3289,0x767785a8f4f7583c3a79ae59183d605fdb8b3289,0
0xfef0d2f3a79b4338d8418003dd9df89281242063,0xfef0d2f3a79b4338d8418003dd9df89281242063,0
0x66a0f676479cee1d7373f3dc2e2952778bff5bd6,0x66a0f676479cee1d7373f3dc2e2952778bff5bd6,0
0xc8284d7f1db846e07a06d915df7b4d2c48bd55ac,0xc8284d7f1db846e07a06d915df7b4d2c48bd55ac,0
0x1429514a84c03f651dcf54fa1dd1729bd299f81e,0x1429514a84c03f651dcf54fa1dd1729bd299f81e,0
0x063c9f7277d1ecf85b7d240f814445aa0204b93a,0x063c9f7277d1ecf85b7d240f814445aa0204b93a,0
0x3fe89c40fdfa26fb63e7e0d04eda4526314a7aaf,0x3fe89c40fdfa26fb63e7e0d04eda4526314a7aaf,0
0x5bdeb0ce4fa09a04210fa8f6bdfb14ebb6cf9666,0x5bdeb0ce4fa09a04210fa8f6bdfb14ebb6cf9666,0
0xaf555c317608d4f9aebae2c97bb2984656f408df,0xaf555c317608d4f9aebae2c97bb2984656f408df,0
0x40f2436bdf20f9efbf52ee79bb1b33baf6b25974,0x40f2436bdf20f9efbf52ee79bb1b33baf6b25974,0
0xaad35c2dadbe77f97301617d82e661776c891fa9,0xaad35c2dadbe77f97301617d82e661776c891fa9,0
0xdb8d79c775452a3929b86ac5deab3e9d38e1c006,0xdb8d79c775452a3929b86ac5deab3e9d38e1c006,0
0x001400c1bfb953fc5a126e371f0a70dca1050595,0x001400c1bfb953fc5a126e371f0a70dca1050595,0
0x518f8aefec9c1c73ee281dc690513710abd25447,0x518f8aefec9c1c73ee281dc690513710abd25447,0
0x67995f1d21e149d254553d6693657ec29b149505,0x67995f1d21e149d254553d6693657ec29b149505,0
0xfa681d6ee26fc1974cf1f251b3df538c5acb7b85,0xfa681d6ee26fc1974cf1f251b3df538c5acb7b85,0
0x8782695452adfc00ecdac202fa53e5a13dba8073,0x8782695452adfc00ecdac202fa53e5a13dba8073,0
0xc6dca8e9c9eb5a7eb68b04a69e63352d5d98695c,0xc6dca8e9c9eb5a7eb68b04a69e63352d5d98695c,0
0x65c25fadd9b88df5c8c101a3b99a5d614b708596,0x65c25fadd9b88df5c8c101a3b99a5d614b708596,0
0xda8e22b85ffbbeb80175dff33c048fc8368f03ee,0xda8e22b85ffbbeb80175dff33c048fc8368f03ee,0
0x3c31a437c8449486deff52ce3f8ee5dc7c4cc6fe,0x3c31a437c8449486deff52ce3f8ee5dc7c4cc6fe,0
0x413b87f9a8369905d4fcbb63fc3d3a8a3daa542c,0x413b87f9a8369905d4fcbb63fc3d3a8a3daa542c,0
0x163f53a92d6f8da7f8e6ea371382cfaa6231d437,0x163f53a92d6f8da7f8e6ea371382cfaa6231d437,0
0xf2d15c0a89428c9251d71a0e29b39ff1e86bce25,0xf2d15c0a89428c9251d71a0e29b39ff1e86bce25,0
0x3f1d193884fd596e2b2110759f314118af410ced,0x3f1d193884fd596e2b2110759f314118af410ced,0
0xd152f549545093347a162dce210e7293f1452150,0xd152f549545093347a162dce210e7293f1452150,0
0xa4f9a065f08516d3b173f1c63850ac334ce1ca2f,0xa4f9a065f08516d3b173f1c63850ac334ce1ca2f,0
0x6adc665e6f86d6a5e04f558d22d08782fff8db9b,0x6adc665e6f86d6a5e04f558d22d08782fff8db9b,0
0x8fb6ec891f80d0da0e966a54ed403f5149a347c8,0x8fb6ec891f80d0da0e966a54ed403f5149a347c8,0
0x180edbc21d6bf6234d0fb81e338ab2becdb926c8,0x180edbc21d6bf6234d0fb81e338ab2becdb926c8,0
0xbb5fe4bc0d28cb53b225cdb80284600dbc0562bc,0xbb5fe4bc0d28cb53b225cdb80284600dbc0562bc,0
0xc8b5b1f63402933161c7a040ee2f9d24e4c3dfbe,0xc8b5b1f63402933161c7a040ee2f9d24e4c3dfbe,0
0x7121d00b4fa18f13da6c2e30d19c04844e6afdc8,0x7121d00b4fa18f13da6c2e30d19c04844e6afdc8,0
0x54012cdf4119de84218f7eb90eeb87e25ae6ebd7,0x54012cdf4119de84218f7eb90eeb87e25ae6ebd7,0
0x0c17e776cd218252adfca8d4e761d3fe757e9778,0x0c17e776cd218252adfca8d4e761d3fe757e9778,0
0x56c05156edbf8045299e590b1b3d88e813b09490,0x56c05156edbf8045299e590b1b3d88e813b09490,0
0x57d819152a8bc86d097fed1dcaa6259b5380a4b1,0x57d819152a8bc86d097fed1dcaa6259b5380a4b1,0
0xaadba140ae5e4c8a9ef0cc86ea3124b446e3e46a,0xaadba140ae5e4c8a9ef0cc86ea3124b446e3e46a,0
0xaaa29bc6fa9bc25ce0e31f51a742b4dff836d546,0xaaa29bc6fa9bc25ce0e31f51a742b4dff836d546,0
0x68af4a34efb721e9bdba5beddb90bf2c997929b9,0x68af4a34efb721e9bdba5beddb90bf2c997929b9,0
0x3fb6372e8db1eec8520ca5d153105d6822d5396e,0x3fb6372e8db1eec8520ca5d153105d6822d5396e,0
0x6a7c965fc31b6a1be2c428b1252fb7badbadb845,0x6a7c965fc31b6a1be2c428b1252fb7badbadb845,0
0xd0123759411a09f1f023089e2f79f7abcce2c645,0xd0123759411a09f1f023089e2f79f7abcce2c645,0
0x7fa162d3d44fe8d30e344cc000493da7cb6c6fbb,0x7fa162d3d44fe8d30e344cc000493da7cb6c6fbb,0
0xa65ba71d653f62c64d97099b58d25a955eb374a0,0xa65ba71d653f62c64d97099b58d25a955eb374a0,0
0x68607266e9118b971901239891e6280a8066fceb,0x68607266e9118b971901239891e6280a8066fceb,0
0x582048c4077a34e7c3799962f1f8c5342a3f4b12,0x582048c4077a34e7c3799962f1f8c5342a3f4b12,0
0x477f885f6333317f5b2810ecc8afadc7d5b69dd2,0x477f885f6333317f5b2810ecc8afadc7d5b69dd2,0
0x86da01cc3cbc54e42f512bbdd07c335dc3ddf3ba,0x86da01cc3cbc54e42f512bbdd07c335dc3ddf3ba,0
0xdcb477308c86187961256cdddf51a5d6d65322ea,0xdcb477308c86187961256cdddf51a5d6d65322ea,0
0x7387993f82e786e8ea6a2c99dd5af3355d372b69,0x7387993f82e786e8ea6a2c99dd5af3355d372b69,0
0x58f94bf3da128a3cae7829359c26b3dc0577e28f,0x58f94bf3da128a3cae7829359c26b3dc0577e28f,0
0x6aff0d25c7801a84241ae1537fc05b79c12c9629,0x6aff0d25c7801a84241ae1537fc05b79c12c9629,0
0xd7bea2b69c7a1015aadaa134e564eee6d34149c0,0xd7bea2b69c7a1015aadaa134e564eee6d34149c0,0
0x59728544b08ab483533076417fbbb2fd0b17ce3a,0x59728544b08ab483533076417fbbb2fd0b17ce3a,0
0x9048de699869385756939a7bb0a22b6d6cb63a83,0x9048de699869385756939a7bb0a22b6d6cb63a83,0
0x644c08891aa5605d8cfa5602c7bbcc1ebdc7926c,0x644c08891aa5605d8cfa5602c7bbcc1ebdc7926c,0
0x817796405556c5bad895a4ffa5c1b2e9e53897ce,0x817796405556c5bad895a4ffa5c1b2e9e53897ce,0
0x59ad67e9c6a84e602bc73b3a606f731cc6df210d,0x59ad67e9c6a84e602bc73b3a606f731cc6df210d,0
0x086939fc0323e3187bb66f52893faa2bbfe6a2e8,0x086939fc0323e3187bb66f52893faa2bbfe6a2e8,0
0xf514a2e88c19f6c4e57ce31ce4de2c2be4556174,0xf514a2e88c19f6c4e57ce31ce4de2c2be4556174,0
0x3a3548e060be10c2614d0a4cb0c03cc9093fd799,0x3a3548e060be10c2614d0a4cb0c03cc9093fd799,0
0xb69dc1a207f6e84f978e82c3e4b72e212561737b,0xb69dc1a207f6e84f978e82c3e4b72e212561737b,0
0x13b3196c4a27eabb2b1b98b7465be145d5df5a85,0x13b3196c4a27eabb2b1b98b7465be145d5df5a85,0
0xb40e4620d3a2bfe0259b409840adcdd5d78aee02,0xb40e4620d3a2bfe0259b409840adcdd5d78aee02,0
0x8c42c9f78fc6a34308d582cb48bc2198350f58de,0x8c42c9f78fc6a34308d582cb48bc2198350f58de,0
0xc68293c392525d36e571a2d755097c24b0289138,0xc68293c392525d36e571a2d755097c24b0289138,0
0xc79b10e677a77100fd18044c9ac9da4e53e35c63,0xc79b10e677a77100fd18044c9ac9da4e53e35c63,0
0xd19d35601c9f4156cc2cfcca42ae4ae4a44acf9a,0xd19d35601c9f4156cc2cfcca42ae4ae4a44acf9a,0
0x01488051f0050b353d3f4d071a92716006a9e7f2,0x01488051f0050b353d3f4d071a92716006a9e7f2,0
0x5109e7dc65cb03e67a02641eb51435f3638fea78,0x5109e7dc65cb03e67a02641eb51435f3638fea78,0
0x5fdc71acc854380409bdf8abd4ae31f1291febb7,0x5fdc71acc854380409bdf8abd4ae31f1291febb7,0
0x27d4dafe07add24604c4a3bb8ecd03306150e826,0x27d4dafe07add24604c4a3bb8ecd03306150e826,0
0x39ffda4f22804e766889aa1f3be5d619b5eaba31,0x39ffda4f22804e766889aa1f3be5d619b5eaba31,0
0x6f44db5ed6b86d9cc6046d0c78b82cad9e600f6a,0x6f44db5ed6b86d9cc6046d0c78b82cad9e600f6a,0
0xfb063b1ae6471e6795d6ad1fc7f47c1cab1f3422,0xfb063b1ae6471e6795d6ad1fc7f47c1cab1f3422,0
0xce0918dfb9e19d6557aa18e63dda8d6810746381,0xce0918dfb9e19d6557aa18e63dda8d6810746381,0
0x030d5ffc1f8a64c58a040e0216b96e52c5cbe569,0x030d5ffc1f8a64c58a040e0216b96e52c5cbe569,0
0x3ad9c40e0c104515fc31c39230e7f3f334dd6587,0x3ad9c40e0c104515fc31c39230e7f3f334dd6587,0
0xd395b596ab837109c5d857f5914057f56f06f7d4,0xd395b596ab837109c5d857f5914057f56f06f7d4,0
0x0811f26c17284b6e331beaa2328471107576e601,0x0811f26c17284b6e331beaa2328471107576e601,0
0xaa207c9a0467fd2eca59d73625bb61eb6006df91,0xaa207c9a0467fd2eca59d73625bb61eb6006df91,0
0x6e79987d1529bbbcc52fa43d9c4930cd33e3b84a,0x6e79987d1529bbbcc52fa43d9c4930cd33e3b84a,0
0x0dc41d8de781ec598e2c721dbe5b3f1dc4871123,0x0dc41d8de781ec598e2c721dbe5b3f1dc4871123,0
0x34bb749a0782e6110da8366e851fd073df66c7f4,0x34bb749a0782e6110da8366e851fd073df66c7f4,0
0x7afeda4c714e1c0a2a1248332c100924506ac8e6,0x7afeda4c714e1c0a2a1248332c100924506ac8e6,0
0x133b3b4ee0be7a7ba94dee938ca7a0bbe624d284,0x133b3b4ee0be7a7ba94dee938ca7a0bbe624d284,0
0x19cb732deb3ab773d15b1056906f2d80b98beee0,0x19cb732deb3ab773d15b1056906f2d80b98beee0,0
0xe3a87e8264a3cc9a3cc3badc352257867789fdb3,0xe3a87e8264a3cc9a3cc3badc352257867789fdb3,0
0x7163436b8efffb469f6bb81cc908b1661d4795e6,0x7163436b8efffb469f6bb81cc908b1661d4795e6,0
0xfb0d3badd19b6cc86503e4d4f6f81db36754b720,0xfb0d3badd19b6cc86503e4d4f6f81db36754b720,0
0xb2974c225778833a1c0de2bb3b8a5ee3d264fb7b,0xb2974c225778833a1c0de2bb3b8a5ee3d264fb7b,0
0x135236008b5a5b0099e0c2a46882785b619e5dec,0x135236008b5a5b0099e0c2a46882785b619e5dec,0
0x448329e388cd081915154e555dc937262ebec811,0x448329e388cd081915154e555dc937262ebec811,0
0x474b59cc3e7d844196855d2ed2a629dcd47549ea,0x474b59cc3e7d844196855d2ed2a629dcd47549ea,0
0x49a7afd88494bfdb4cc8c1faf8cf6466d34e508a,0x49a7afd88494bfdb4cc8c1faf8cf6466d34e508a,0
0x4addca4c07a5e9a6b4973094d03ad5aae7735e5b,0x4addca4c07a5e9a6b4973094d03ad5aae7735e5b,0
0x4bd3b5e3936254ce753d154907997597021ce64a,0x4bd3b5e3936254ce753d154907997597021ce64a,0
0xa74ae2c6fca0cedbaef30a8ceef834b247186bcf,0xa74ae2c6fca0cedbaef30a8ceef834b247186bcf,0
0x315b89fc2a50d5b99037133a54562843f79b07e7,0x315b89fc2a50d5b99037133a54562843f79b07e7,0
0xbb9e952a1c6f561720c4b80e7e356cc1a606fcee,0xbb9e952a1c6f561720c4b80e7e356cc1a606fcee,0
0xf3b1eeceac0975032cedacfb93f3914ac7aaf86a,0xf3b1eeceac0975032cedacfb93f3914ac7aaf86a,0
0x25b72174a20b5697be3614a8a63d11ef2e67862f,0x25b72174a20b5697be3614a8a63d11ef2e67862f,0
0xcda72070e455bb31c7690a170224ce43623d0b6f,0xcda72070e455bb31c7690a170224ce43623d0b6f,0
0xca6a7120220fe0537b6a818a54bd641a33060f79,0xca6a7120220fe0537b6a818a54bd641a33060f79,0
0x518591577efaaa7dacb79c0bff47eae071ca2516,0x518591577efaaa7dacb79c0bff47eae071ca2516,0
0xdf5459d0a736e33a9dd081c496d1cdd3aff8a67f,0xdf5459d0a736e33a9dd081c496d1cdd3aff8a67f,0
0xa83480d48c1dbfea69b239d08d005a4fa6cf2b5b,0xa83480d48c1dbfea69b239d08d005a4fa6cf2b5b,0
0x141127aff310de7758e6c38de5403561a5bf4ea1,0x141127aff310de7758e6c38de5403561a5bf4ea1,0
0xab7e1a4674f8ef02354071d2fbb395f45851c1af,0xab7e1a4674f8ef02354071d2fbb395f45851c1af,0
0xa0c68c638235ee32657e8f720a23cec1bfc77c77,0xa0c68c638235ee32657e8f720a23cec1bfc77c77,0
0xef4b7112fb30b689c094a8242290d4a834572f4a,0xef4b7112fb30b689c094a8242290d4a834572f4a,0
0x762263796e5370f8e7753f7ba42928741ea03fcc,0x762263796e5370f8e7753f7ba42928741ea03fcc,0
0x4e76c23fe2a4e37b5e07b5625e17098baab86c18,0x4e76c23fe2a4e37b5e07b5625e17098baab86c18,0
0x7f9c2c1a1ff282748cba62d38d5acc801710f6d0,0x7f9c2c1a1ff282748cba62d38d5acc801710f6d0,0
0x6b175474e89094c44da98b954eedeac495271d0f,0x6b175474e89094c44da98b954eedeac495271d0f,1
0x364c828ee171616a39897688a831c2499ad972ec,0x364c828ee171616a39897688a831c2499ad972ec,0
0xdf8a88212ff229446e003f8f879e263d3616b57a,0xdf8a88212ff229446e003f8f879e263d3616b57a,0
0x3440580aef118159a7d55231f2b08fc9accfe8a3,0x3440580aef118159a7d55231f2b08fc9accfe8a3,0
0x810487135d29f35f06f1075b48d5978f1791d743,0x810487135d29f35f06f1075b48d5978f1791d743,0
0x08dc692fe528ffecf675ab3f76981553e060fd8a,0x08dc692fe528ffecf675ab3f76981553e060fd8a,0
0x73940d8e53b3cf00d92e3ebffa33b4d54626306d,0x73940d8e53b3cf00d92e3ebffa33b4d54626306d,0
0xe0a189c975e4928222978a74517442239a0b86ff,0xe0a189c975e4928222978a74517442239a0b86ff,0
0x9e69c455298d2c7e846129f8a72a0a99c451f1c8,0x9e69c455298d2c7e846129f8a72a0a99c451f1c8,0
0xcae3faa4b6cf660aef18474074949ba0948bc025,0xcae3faa4b6cf660aef18474074949ba0948bc025,0
0x5d5092c22c5d0fd3fec42b6b2ce796d5b33421c6,0x5d5092c22c5d0fd3fec42b6b2ce796d5b33421c6,0
0xa4108aa1ec4967f8b52220a4f7e94a8201f2d906,0xa4108aa1ec4967f8b52220a4f7e94a8201f2d906,0
0xaabc3aef1ce0d23eeaabfc7c6cd9043fcebf7400,0xaabc3aef1ce0d23eeaabfc7c6cd9043fcebf7400,0
0xc7303233fc02e49b72a39ee165a95488736dd3a9,0xc7303233fc02e49b72a39ee165a95488736dd3a9,0
0x59ab93c7a949880fadb59182d05146dc768b1be4,0x59ab93c7a949880fadb59182d05146dc768b1be4,0
0x31c823260528ba98e3bf797b2add2302af097392,0x31c823260528ba98e3bf797b2add2302af097392,0
0x4c36d2919e407f0cc2ee3c993ccf8ac26d9ce64e,0x4c36d2919e407f0cc2ee3c993ccf8ac26d9ce64e,0
0x9ce07b945b4cb912e338d141cf95e9636bf2e836,0x9ce07b945b4cb912e338d141cf95e9636bf2e836,0
0xfd4bfe64fea2ce11898c4b931afaf728778a90b4,0xfd4bfe64fea2ce11898c4b931afaf728778a90b4,0
0x5f5541c618e76ab98361cdb10c67d1de28740cc3,0x5f5541c618e76ab98361cdb10c67d1de28740cc3,0
0xf36c296e87dd2d7adcef251a542561d4bbe07714,0xf36c296e87dd2d7adcef251a542561d4bbe07714,0
0xeacf3bc37a3bf1c1166a0d9a4df3f1679c26b52e,0xeacf3bc37a3bf1c1166a0d9a4df3f1679c26b52e,0
0x17aad3fcf1703ef7908777084ec24e55bc58ae33,0x17aad3fcf1703ef7908777084ec24e55bc58ae33,0
0xad6917fc71101d377f5cbbc5b1fc0e941f08ae58,0xad6917fc71101d377f5cbbc5b1fc0e941f08ae58,0
0xe785e2f276db9f2f5c89579cfc92dae5eb4e132b,0xe785e2f276db9f2f5c89579cfc92dae5eb4e132b,0
0x2519d87843160a7cebde80a14d21ad1b545a6a2b,0x2519d87843160a7cebde80a14d21ad1b545a6a2b,0
0x0000000000c2d145a2526bd8c716263bfebe1a72,0x0000000000c2d145a2526bd8c716263bfebe1a72,0
0x54e5e0dd6a8fbf5bff95e4e57cf710a30f659a5d,0x54e5e0dd6a8fbf5bff95e4e57cf710a30f659a5d,0
0xee71025bf3f08e43a5698b44bf456670a4ed5c0c,0xee71025bf3f08e43a5698b44bf456670a4ed5c0c,0
0x8bc258862e1860c56077d7e9eb525e88b77a4589,0x8bc258862e1860c56077d7e9eb525e88b77a4589,0
0xaecdcc5fe01aad73c1a73bf7ca0de220707c0217,0xaecdcc5fe01aad73c1a73bf7ca0de220707c0217,0
0xb3d9782ef15de4ad8577ad67a8f00595332723e6,0xb3d9782ef15de4ad8577ad67a8f00595332723e6,0
0x082379426322b36d88cde29a04705773168f6d1a,0x082379426322b36d88cde29a04705773168f6d1a,0
0x283af0b28c62c092c9727f1ee09c02ca627eb7f5,0x283af0b28c62c092c9727f1ee09c02ca627eb7f5,0
0xa5409ec958c83c3f309868babaca7c86dcb077c1,0xa5409ec958c83c3f309868babaca7c86dcb077c1,0
0x7c729bf7f93ad88686e3a4bb2854b7cffb7dfcb9,0x7c729bf7f93ad88686e3a4bb2854b7cffb7dfcb9,0
0xc878671ff88f1374d2186127573e4a63931370fc,0xc878671ff88f1374d2186127573e4a63931370fc,0
0x390b045a02123ae53ec7d48ff4a335ba56a71ab7,0x390b045a02123ae53ec7d48ff4a335ba56a71ab7,0
0x0ff1458cab4a4673b913040e011c14b81d656ceb,0x0ff1458cab4a4673b913040e011c14b81d656ceb,0
0xcfab3b119fc3cd465bf7b49e5581933e7b83e36e,0xcfab3b119fc3cd465bf7b49e5581933e7b83e36e,1
0xa9412ffd7e0866755ae0dda3318470a61f62abe8,0xa9412ffd7e0866755ae0dda3318470a61f62abe8,0
0x293ca17c70ad9555e498150f76065b87e09ba81a,0x293ca17c70ad9555e498150f76065b87e09ba81a,0
0x6631392161facbd3fb982f58cacd0b0d8af5dd18,0x6631392161facbd3fb982f58cacd0b0d8af5dd18,0
0x5ea53816fd65a4f41098ecc6b1f3776624c5a9e3,0x5ea53816fd65a4f41098ecc6b1f3776624c5a9e3,0
0x99fa2023341dbaf932e7d9979337c7cac7e2e028,0x99fa2023341dbaf932e7d9979337c7cac7e2e028,0
0xf04d47408665d64f8b54216f100120a14d056c8b,0xf04d47408665d64f8b54216f100120a14d056c8b,0
0x970e58039164c5e253a066b28e829d141b1f46f2,0x970e58039164c5e253a066b28e829d141b1f46f2,0
0x520e08245865af97709f9d693a21901e78c7f645,0x520e08245865af97709f9d693a21901e78c7f645,0
0x63182453d97b692b51305e0ee14a6a29fbc91d2c,0x63182453d97b692b51305e0ee14a6a29fbc91d2c,0
0x13ab0e9348718f78a4c1f1e9a1fe33c027413658,0x13ab0e9348718f78a4c1f1e9a1fe33c027413658,0
0xecec3db56d113e6e8e50f9c915054867ad47f4ce,0xecec3db56d113e6e8e50f9c915054867ad47f4ce,0
0x524cab2ec69124574082676e6f654a18df49a048,0x524cab2ec69124574082676e6f654a18df49a048,0
0xab792e2937d0f5b3eb359539edada9d43be58940,0xab792e2937d0f5b3eb359539edada9d43be58940,0
0x668bae737c19a93a50a80afce69159c0a99a0553,0x668bae737c19a93a50a80afce69159c0a99a0553,0
0xd9b78a2f1dafc8bb9c60961790d2beefebee56f4,0xd9b78a2f1dafc8bb9c60961790d2beefebee56f4,0
0xf617c1865fa51c4094624a2b224ca5751f600527,0xf617c1865fa51c4094624a2b224ca5751f600527,0
0x44f5909e97e1cbf5fbbdf0fc92fd83cde5d5c58a,0x44f5909e97e1cbf5fbbdf0fc92fd83cde5d5c58a,0
0xa1de9f93c56c290c48849b1393b09eb616d55dbb,0xa1de9f93c56c290c48849b1393b09eb616d55dbb,0
0x18d4db77f362557563051821952c9ae32a403ab8,0x18d4db77f362557563051821952c9ae32a403ab8,0
0xb8901acb165ed027e32754e0ffe830802919727f,0xb8901acb165ed027e32754e0ffe830802919727f,0
0x93d5423224c79aa8b736dfdc660e8cc5b61858c4,0x93d5423224c79aa8b736dfdc660e8cc5b61858c4,0
0x9f285634f433d89b5e82f6d9bdbe31ddc7e081a1,0x9f285634f433d89b5e82f6d9bdbe31ddc7e081a1,0
0x0a1024637064dfe24bb1fa6b0ef6cb2a77f4771b,0x0a1024637064dfe24bb1fa6b0ef6cb2a77f4771b,0
0xb58856740d967c9fd3aebfe319101f98d759e444,0xb58856740d967c9fd3aebfe319101f98d759e444,0
0x29c25751e871d9ed2cf1813a195bf8dc5a90458c,0x29c25751e871d9ed2cf1813a195bf8dc5a90458c,0
0xdf8dd5e0b4168f20a3488ad088ddb198fe602cb3,0xdf8dd5e0b4168f20a3488ad088ddb198fe602cb3,0
0xfbf329bc246a97dc120078d201d8d14e22b7c2cb,0xfbf329bc246a97dc120078d201d8d14e22b7c2cb,0
0x56181c00381463e5ed40e8e6c35940f5486036db,0x56181c00381463e5ed40e8e6c35940f5486036db,0
0x5b46a86276b60f406e34bb642072762182438f06,0x5b46a86276b60f406e34bb642072762182438f06,0
0x591d8b486e6cdc10a3ee192df11c85ce145f4fb6,0x591d8b486e6cdc10a3ee192df11c85ce145f4fb6,0
0x06109b4154a502c508efdf6e41d8a2a87161c9b9,0x06109b4154a502c508efdf6e41d8a2a87161c9b9,0
0xc66a8baea277388ebcbe84fdb5fdec2257ddefec,0xc66a8baea277388ebcbe84fdb5fdec2257ddefec,0
0xf5d1d12b26e1658e2ff8c6140890a638c300558d,0xf5d1d12b26e1658e2ff8c6140890a638c300558d,0
0xcfa3b8319090b14663bd3f4f406f7ea7388e0027,0xcfa3b8319090b14663bd3f4f406f7ea7388e0027,0
0x8bfba350fea07fef3cddc5ccb26b8d2831054a80,0x8bfba350fea07fef3cddc5ccb26b8d2831054a80,0
0x0e031fd7156fa4dce845f58dcbc9a6daac75e0d9,0x0e031fd7156fa4dce845f58dcbc9a6daac75e0d9,0
0x1798c392e8bf6f4ee972bfef534a1735dd0000a9,0x1798c392e8bf6f4ee972bfef534a1735dd0000a9,0
0x6c52e1fad4f61628388a40b707c4d676a48ae2e5,0x6c52e1fad4f61628388a40b707c4d676a48ae2e5,0
0x0862960da84c39b2cf3aa7a35607cb31c7f5bbe9,0x0862960da84c39b2cf3aa7a35607cb31c7f5bbe9,0
0xb49b9629ce4ca0680025fef1b704d71db6095a45,0xb49b9629ce4ca0680025fef1b704d71db6095a45,0
0xf8cd73d32242ff924f9b44e4279e458b0185ffdd,0xf8cd73d32242ff924f9b44e4279e458b0185ffdd,0
0x952ad4d280336aa3da255fd19794bb596b98ce67,0x952ad4d280336aa3da255fd19794bb596b98ce67,0
0xefe7cd7fc7327838e54d0e060f4f587947f284fe,0xefe7cd7fc7327838e54d0e060f4f587947f284fe,0
0x76be3b62873462d2142405439777e971754e8e77,0x76be3b62873462d2142405439777e971754e8e77,0
0x15359cdec866f94c60207188927a54af88511ed9,0x15359cdec866f94c60207188927a54af88511ed9,0
0x8eae1a4336e9bd2bcdbf491654754fe19b40769f,0x8eae1a4336e9bd2bcdbf491654754fe19b40769f,0
0x6ed0d62a086454b1a8fc0eca8f81fb91c4115994,0x6ed0d62a086454b1a8fc0eca8f81fb91c4115994,0
0x7be8076f4ea4a4ad08075c2508e481d6c946d12b,0x7be8076f4ea4a4ad08075c2508e481d6c946d12b,0
0x4d21d9c82620396ff08a11569ebd4ea2030b1097,0x4d21d9c82620396ff08a11569ebd4ea2030b1097,0
0xceba2a8f6ec221aeb5f3a7bcd15cbc7e6a387bfb,0xceba2a8f6ec221aeb5f3a7bcd15cbc7e6a387bfb,0
0x0d58df0929b6baf8ed231f3fa672f0e5dcd665f7,0x0d58df0929b6baf8ed231f3fa672f0e5dcd665f7,0
0x323b25497d2a81be4cf633f37d530dc5c1dbc764,0x323b25497d2a81be4cf633f37d530dc5c1dbc764,0
0xe7c3bbab7b051edc642a1822cd2e3b9afa74955e,0xe7c3bbab7b051edc642a1822cd2e3b9afa74955e,0
0x15c2b137e59620552bd0d712fe7279cf1f47468d,0x15c2b137e59620552bd0d712fe7279cf1f47468d,0
0x7172b87400b850069c425ecd18f2c2553b7fb479,0x7172b87400b850069c425ecd18f2c2553b7fb479,0
0x41fb04d01fa3d04ece600e02625bd714f44434d5,0x41fb04d01fa3d04ece600e02625bd714f44434d5,0
0x149fa7c194d2cbb46c0ff4f37d62643a66222982,0x149fa7c194d2cbb46c0ff4f37d62643a66222982,0
0x01298589d7c2bd82f54ca84060d58967772123f2,0x01298589d7c2bd82f54ca84060d58967772123f2,0
0x6f1cc0af1c367008f9de1a7f4a62900ab803d6fc,0x6f1cc0af1c367008f9de1a7f4a62900ab803d6fc,0
0x76dd2cd4141b23fa9a701257d39f46c981c4ecf3,0x76dd2cd4141b23fa9a701257d39f46c981c4ecf3,0
0xf9e50ee9f9947c5054385e26b469257beb9a091a,0xf9e50ee9f9947c5054385e26b469257beb9a091a,0
0xfff0b281aec66e3f32c21c098fcb384ee1f606be,0xfff0b281aec66e3f32c21c098fcb384ee1f606be,0
0x88f3d99dee64abb8973cd3e0ce6a31c2f0e5e93b,0x88f3d99dee64abb8973cd3e0ce6a31c2f0e5e93b,0
0xa2d515a231a4123f022dbeb007c6a074428f7def,0xa2d515a231a4123f022dbeb007c6a074428f7def,0
0xc04d7d03993e25dc23e52503ba658fd2e5e2bdce,0xc04d7d03993e25dc23e52503ba658fd2e5e2bdce,0
0x5a50638c65dae284a5927a1df0246fe38e130c1e,0x5a50638c65dae284a5927a1df0246fe38e130c1e,0
0xd288293f82e376a8fa2b50706b06f6698799dafe,0xd288293f82e376a8fa2b50706b06f6698799dafe,0
0x6db7b2912a6bcefbbb7063fb5ba3a8fdd0d9a08e,0x6db7b2912a6bcefbbb7063fb5ba3a8fdd0d9a08e,0
0x5d22045daceab03b158031ecb7d9d06fad24609b,0x5d22045daceab03b158031ecb7d9d06fad24609b,0
0x865ecf603463bdd19b9bc11996318b5aa1c6dacf,0x865ecf603463bdd19b9bc11996318b5aa1c6dacf,0
0x7ca9e106d80e75e48c53b48e8075585fd6aa0883,0x7ca9e106d80e75e48c53b48e8075585fd6aa0883,0
0xae0ee0a63a2ce6baeeffe56e7714fb4efe48d419,0xae0ee0a63a2ce6baeeffe56e7714fb4efe48d419,0
0x8bcbef61acd66537362f38167f11875134ffcd63,0x8bcbef61acd66537362f38167f11875134ffcd63,0
0x49264e0f4b8adf5761c240657a4bfa15eeabe1a6,0x49264e0f4b8adf5761c240657a4bfa15eeabe1a6,0
0xd4307e0acd12cf46fd6cf93bc264f5d5d1598792,0xd4307e0acd12cf46fd6cf93bc264f5d5d1598792,0
0x432692379706bc679b520dfe3ae33bee4f33976e,0x432692379706bc679b520dfe3ae33bee4f33976e,0
0x8fa8e6cce19f973566f97661d13e40d3b179727b,0x8fa8e6cce19f973566f97661d13e40d3b179727b,0
0x761d38e5ddf6ccf6cf7c55759d5210750b5d60f3,0x761d38e5ddf6ccf6cf7c55759d5210750b5d60f3,0
0xda44a10cde512c642c4fca020fe811e294e0e6be,0xda44a10cde512c642c4fca020fe811e294e0e6be,0
0x9de68b20858e261b609b7147d039f61cef1afc18,0x9de68b20858e261b609b7147d039f61cef1afc18,0
0x5f04d47d698f79d76f85e835930170ff4c4ebdb7,0x5f04d47d698f79d76f85e835930170ff4c4ebdb7,0
0x4ebb2384cc1e86f578e37f2057b336b9027cb95a,0x4ebb2384cc1e86f578e37f2057b336b9027cb95a,0
0xaf5191b0de278c7286d6c7cc6ab6bb8a73ba2cd6,0xaf5191b0de278c7286d6c7cc6ab6bb8a73ba2cd6,0
0x0e42acbd23faee03249daff896b78d7e79fbd58e,0x0e42acbd23faee03249daff896b78d7e79fbd58e,0
0xc58de3bd7b6a63f64ba323556b8179b96bec642a,0xc58de3bd7b6a63f64ba323556b8179b96bec642a,0
0x13b5aef8a167c1a8f36dbe9d55e3d8db4ce3f767,0x13b5aef8a167c1a8f36dbe9d55e3d8db4ce3f767,0
0x48ce311727694463b4af719e67129e18f3f10de3,0x48ce311727694463b4af719e67129e18f3f10de3,0
0x15c8f7d0892975f9fe465dd0d2cdf1d4953320bd,0x15c8f7d0892975f9fe465dd0d2cdf1d4953320bd,0
0x5e6d5fcc345665f9a4fef2a512638ccc6235d7b4,0x5e6d5fcc345665f9a4fef2a512638ccc6235d7b4,0
0x99c9fc46f92e8a1c0dec1b1747d010903e884be1,0x99c9fc46f92e8a1c0dec1b1747d010903e884be1,0
0xcebc31d32f1dc04d90d75c36b675339e49d082b9,0xcebc31d32f1dc04d90d75c36b675339e49d082b9,0
0x760723cd2e632826c38fef8cd438a4cc7e7e1a40,0x760723cd2e632826c38fef8cd438a4cc7e7e1a40,0
0xb7339d2edce76cf4c9da7e571f22781e8d84b47e,0xb7339d2edce76cf4c9da7e571f22781e8d84b47e,0
0x94e9eb8b5ab9fd6b9ea3169d55ffade62a01702e,0x94e9eb8b5ab9fd6b9ea3169d55ffade62a01702e,0
0xfe45476b69f8c50428dce63a84ed3d76d3dd1aeb,0xfe45476b69f8c50428dce63a84ed3d76d3dd1aeb,0
0x45b00efe915a3a43e81e78885f1bcacd25af3d9a,0x45b00efe915a3a43e81e78885f1bcacd25af3d9a,0
0x9cbf044bc535db4c93a9f11205a69631d9dcef26,0x9cbf044bc535db4c93a9f11205a69631d9dcef26,0
0x244b797d622d4dee8b188b03546acaabd0cf91a0,0x244b797d622d4dee8b188b03546acaabd0cf91a0,0
0x18aaa7115705e8be94bffebde57af9bfc265b998,0x18aaa7115705e8be94bffebde57af9bfc265b998,0
0xf174bc60bd7c0307979b2dcedd40b3c80bd27925,0xf174bc60bd7c0307979b2dcedd40b3c80bd27925,0
0x7bc6e501f400e17f9c069c1c7da4182edd2fa577,0x7bc6e501f400e17f9c069c1c7da4182edd2fa577,0
0x03868606334801a19a30b304b134530295aed1c7,0x03868606334801a19a30b304b134530295aed1c7,0
0x6bfb76321d7c55c4500ea5d65f4d28d15ae00b4a,0x6bfb76321d7c55c4500ea5d65f4d28d15ae00b4a,0
0xb9352485e9867b4956ec1feb05bf276ad6fbc91a,0xb9352485e9867b4956ec1feb05bf276ad6fbc91a,0
0x97ff95e4c89895208fa235bdab66e10a139094f0,0x97ff95e4c89895208fa235bdab66e10a139094f0,0
0xc3b215525afdc5dcd91493f96eb3135d48f86c9e,0xc3b215525afdc5dcd91493f96eb3135d48f86c9e,0
0xe31125ba759377a1dd6197db94d698079ece11b2,0xe31125ba759377a1dd6197db94d698079ece11b2,0
0x9a37ce38b8831292da23c841e53e1bc619d3267d,0x9a37ce38b8831292da23c841e53e1bc619d3267d,0
0x34eebee6942d8def3c125458d1a86e0a897fd6f9,0x34eebee6942d8def3c125458d1a86e0a897fd6f9,0
0xce9ca012fa55a8b1e540df35f6c77203812df523,0xce9ca012fa55a8b1e540df35f6c77203812df523,0
0x5d6e88ac0642444dd5a5eb339a937e407ae29d13,0x5d6e88ac0642444dd5a5eb339a937e407ae29d13,0
0xf6bb57e64461c6154d8dc5ad7ee5cfd3607a7eac,0xf6bb57e64461c6154d8dc5ad7ee5cfd3607a7eac,0
0xfcc926dfef1548a8e74c36d1b0d3c05f13b60918,0xfcc926dfef1548a8e74c36d1b0d3c05f13b60918,0
0x7fa0fa334be67dea3c1494416a4a523aa6e263e7,0x7fa0fa334be67dea3c1494416a4a523aa6e263e7,0
0x7eee07d183a22a65fadc326e7ce3ab43aac07571,0x7eee07d183a22a65fadc326e7ce3ab43aac07571,0
0x10af06df2cedf32ad841820ac4332371205e20e8,0x10af06df2cedf32ad841820ac4332371205e20e8,0
0x3f2583fa10b3d711bd3aeef33f500bf4c8ac8bde,0x3f2583fa10b3d711bd3aeef33f500bf4c8ac8bde,0
0x3d3097342161f6a2b54848ad4d38f27569693c7a,0x3d3097342161f6a2b54848ad4d38f27569693c7a,0
0xbee7cb80dfd21a9eaae714208f361601f68eb746,0xbee7cb80dfd21a9eaae714208f361601f68eb746,0
0xd9ba4db1bb833578f9304d31e2e834bbf10800f5,0xd9ba4db1bb833578f9304d31e2e834bbf10800f5,0
0x2c89a52a7156a3fb0bf416d5231b68748e4c283c,0x2c89a52a7156a3fb0bf416d5231b68748e4c283c,0
0x42d13ec4c97f9553459d4739e4f7640cd8399fe7,0x42d13ec4c97f9553459d4739e4f7640cd8399fe7,0
0xbc38806c78544014221f00a9183d5b4498c90d35,0xbc38806c78544014221f00a9183d5b4498c90d35,0
0x619ae49faf2aeea99e975cacf95537be0a143b32,0x619ae49faf2aeea99e975cacf95537be0a143b32,0
0xcee3c4f9f52ce89e310f19b363a9d4f796b56a68,0xcee3c4f9f52ce89e310f19b363a9d4f796b56a68,0
0x313ae64c53d0e50eb6d648a37a3ddc800eecd9cf,0x313ae64c53d0e50eb6d648a37a3ddc800eecd9cf,0
0x7c9077bdc7598ea2baa372de588ed3c7ff4a657d,0x7c9077bdc7598ea2baa372de588ed3c7ff4a657d,0
0x20ecda43fdd84290c50dec35fe03b35f9bf2c6dc,0x20ecda43fdd84290c50dec35fe03b35f9bf2c6dc,0
0x8c01f90d54af84394af14e673b13802a714d72e8,0x8c01f90d54af84394af14e673b13802a714d72e8,0
0x0f94778a99d649cdb0a21daff08dbd96f1d446ed,0x0f94778a99d649cdb0a21daff08dbd96f1d446ed,0
0x2805516b62af69c04368496588950cc4a75c6f34,0x2805516b62af69c04368496588950cc4a75c6f34,0
0xbffcf37a57dac5614ff4656ec7e582c2e9dcc503,0xbffcf37a57dac5614ff4656ec7e582c2e9dcc503,0
0x7e8ba6e1366b82963e1f55e3ca623bfdf77c3ea7,0x7e8ba6e1366b82963e1f55e3ca623bfdf77c3ea7,0
0x705870fb4ffce9eae50eacb850fa3476e079882b,0x705870fb4ffce9eae50eacb850fa3476e079882b,0
0x73968b9a57c6e53d41345fd57a6e6ae27d6cdb2f,0x73968b9a57c6e53d41345fd57a6e6ae27d6cdb2f,0
0x0fcbc31c503b4a9ed90e87f8ff46c318a4a14260,0x0fcbc31c503b4a9ed90e87f8ff46c318a4a14260,0
0xc14daef7fddd7ea1749f6b1b5a600e7cf507bdd1,0xc14daef7fddd7ea1749f6b1b5a600e7cf507bdd1,0
0xb9d99c33ea2d86ec5ec6b8a4dd816ebba64404af,0xb9d99c33ea2d86ec5ec6b8a4dd816ebba64404af,0
0x95ad61b0a150d79219dcf64e1e6cc01f0b64c4ce,0x95ad61b0a150d79219dcf64e1e6cc01f0b64c4ce,1
0xc3cd465068c0da221b22a26dfc7a29a4ca12f728,0xc3cd465068c0da221b22a26dfc7a29a4ca12f728,0
0x5b7533812759b45c2b44c19e320ba2cd2681b542,0x5b7533812759b45c2b44c19e320ba2cd2681b542,0
0x389999216860ab8e0175387a0c90e5c52522c945,0x389999216860ab8e0175387a0c90e5c52522c945,0
0xfd30e1495e271cebf876c3aac8184e6ccfc02822,0xfd30e1495e271cebf876c3aac8184e6ccfc02822,0
0x9f719821d3cad783a5eee57d373890d8e59cf5ca,0x9f719821d3cad783a5eee57d373890d8e59cf5ca,0
0x5954ab967bc958940b7eb73ee84797dc8a2afbb9,0x5954ab967bc958940b7eb73ee84797dc8a2afbb9,0
0x394e3d3044fc89fcdd966d3cb35ac0b32b0cda91,0x394e3d3044fc89fcdd966d3cb35ac0b32b0cda91,0
0xb4fe2f7728c4e2817187e62ea86ecf390668863d,0xb4fe2f7728c4e2817187e62ea86ecf390668863d,0
0xaa3fdc4a0700b82c9aa80655624d32701dc92946,0xaa3fdc4a0700b82c9aa80655624d32701dc92946,0
0x66fc291e5023b42ade26432ecc9a39609e7db465,0x66fc291e5023b42ade26432ecc9a39609e7db465,0
0x53425780289b448616cbf86e368271543254aa61,0x53425780289b448616cbf86e368271543254aa61,0
0x40866855b73a83d0ef89e7b52b5aeec0119b984d,0x40866855b73a83d0ef89e7b52b5aeec0119b984d,0
0xfca54f86798a4ee9cd664cb1cf976aa5e1d72f10,0xfca54f86798a4ee9cd664cb1cf976aa5e1d72f10,0
0xbb207ae064e650ee43b98d6bace97201502bc14e,0xbb207ae064e650ee43b98d6bace97201502bc14e,0
0xf7168c8abb0ff80116413a8d95396bbdc318a3ff,0xf7168c8abb0ff80116413a8d95396bbdc318a3ff,0
0x8efaab510df625bb9b6398d5fbb4416a22608363,0x8efaab510df625bb9b6398d5fbb4416a22608363,0
0xdf47e84f30853316cf2f35f5bd167950e3aec63c,0xdf47e84f30853316cf2f35f5bd167950e3aec63c,0
0x91364516d3cad16e1666261dbdbb39c881dbe9ee,0x91364516d3cad16e1666261dbdbb39c881dbe9ee,0
0x9bf1d7d63dd7a4ce167cf4866388226eeefa702e,0x9bf1d7d63dd7a4ce167cf4866388226eeefa702e,0
0x801ef122cd22f4cf4169aac693bd58c166dffbfe,0x801ef122cd22f4cf4169aac693bd58c166dffbfe,0
0xf831938caf837cd505de196bbb408d81a06376ab,0xf831938caf837cd505de196bbb408d81a06376ab,0
0x5e4bf130da2d03457b4f4a245425def8df9ad01f,0x5e4bf130da2d03457b4f4a245425def8df9ad01f,0
0x8ac4ae65b3656e26dc4e0e69108b392283350f55,0x8ac4ae65b3656e26dc4e0e69108b392283350f55,0
0x2b591e99afe9f32eaa6214f7b7629768c40eeb39,0x2b591e99afe9f32eaa6214f7b7629768c40eeb39,0
0x1715a3e4a142d8b698131108995174f37aeba10d,0x1715a3e4a142d8b698131108995174f37aeba10d,0
0x2410144d597eed24421e5eab6da4f5ada4b2e81e,0x2410144d597eed24421e5eab6da4f5ada4b2e81e,0
0x6f34d2aec4f840305c6eb948f305530ddc9fc32b,0x6f34d2aec4f840305c6eb948f305530ddc9fc32b,0
0xeb2dfc54ebafca8f50efcc1e21a9d100b5aeb349,0xeb2dfc54ebafca8f50efcc1e21a9d100b5aeb349,0
0xb5c747561a185a146f83cfff25bdfd2455b31ff4,0xb5c747561a185a146f83cfff25bdfd2455b31ff4,0
0x3dbe6054376bdcdd0fadcae004c7db3be2ed2707,0x3dbe6054376bdcdd0fadcae004c7db3be2ed2707,0
0xdef1c0ded9bec7f1a1670819833240f027b25eff,0xdef1c0ded9bec7f1a1670819833240f027b25eff,0
0x811e29198be7ff1538dc3928cd2756b3377b3d3f,0x811e29198be7ff1538dc3928cd2756b3377b3d3f,0
0x1c7652919598b32c576d362e74f44c6e34ef7aba,0x1c7652919598b32c576d362e74f44c6e34ef7aba,0
0x82920d19f812b43f378b5fd6f9020bd05c1a6ea5,0x82920d19f812b43f378b5fd6f9020bd05c1a6ea5,0
0xff124d975c7792e706552b18ec9da24781751cab,0xff124d975c7792e706552b18ec9da24781751cab,0
0x824f9d8751fc97c62b4f0bffb789a617f1cef39d,0x824f9d8751fc97c62b4f0bffb789a617f1cef39d,0
0x85c4209f7965d36742291f9222bd2cdb104df75c,0x85c4209f7965d36742291f9222bd2cdb104df75c,0
0xbebc44782c7db0a1a60cb6fe97d0b483032ff1c7,0xbebc44782c7db0a1a60cb6fe97d0b483032ff1c7,0
0xf1f955016ecbcd7321c7266bccfb96c68ea5e49b,0xf1f955016ecbcd7321c7266bccfb96c68ea5e49b,0
0x819b6cb7e050c80c6a2a4b8d3ebba146a11469eb,0x819b6cb7e050c80c6a2a4b8d3ebba146a11469eb,0
0xfefec50e21ed1e32223bb9d08e01b381bf1d8abc,0xfefec50e21ed1e32223bb9d08e01b381bf1d8abc,0
0x99a58482bd75cbab83b27ec03ca68ff489b5788f,0x99a58482bd75cbab83b27ec03ca68ff489b5788f,0
0x2721a19ff4db957cbf6de6fbce7ae7fdf53303e3,0x2721a19ff4db957cbf6de6fbce7ae7fdf53303e3,0
0xd533a949740bb3306d119cc777fa900ba034cd52,0xd533a949740bb3306d119cc777fa900ba034cd52,1
0x60eb332bd4a0e2a9eeb3212cfdd6ef03ce4cb3b5,0x60eb332bd4a0e2a9eeb3212cfdd6ef03ce4cb3b5,0
0xc89c53e1aa65a7a0baf567030c5d48735786f04a,0xc89c53e1aa65a7a0baf567030c5d48735786f04a,0
0xb4fedc003053c22ac8b808bb424f3e1787f30cf2,0xb4fedc003053c22ac8b808bb424f3e1787f30cf2,0
0x11bfb1ea20e3f8e81e871c07089c2621071b5fce,0x11bfb1ea20e3f8e81e871c07089c2621071b5fce,0
0xf1d08291a804f5d8de5c7c60f12766b89ea14df6,0xf1d08291a804f5d8de5c7c60f12766b89ea14df6,0
0x00000000a50bb64b4bbeceb18715748dface08af,0x00000000a50bb64b4bbeceb18715748dface08af,0
0xae137b68d0c4222bfd4b85bc07746fff40a12521,0xae137b68d0c4222bfd4b85bc07746fff40a12521,0
0x2665706d1f64c7231beea7f8ae254bb09753d17f,0x2665706d1f64c7231beea7f8ae254bb09753d17f,0
0xa776f15cc8ab82f55aaac905d066b697071d231e,0xa776f15cc8ab82f55aaac905d066b697071d231e,0
0x674843c2a47b9201b84f157e68afdc4c18fdcdfc,0x674843c2a47b9201b84f157e68afdc4c18fdcdfc,0
0x823556202e86763853b40e9cde725f412e294689,0x823556202e86763853b40e9cde725f412e294689,0
0xf65b5c5104c4fafd4b709d9d60a185eae063276c,0xf65b5c5104c4fafd4b709d9d60a185eae063276c,0
0xd6b31191049e3b78e41e8dc0c8edf818d71cf56f,0xd6b31191049e3b78e41e8dc0c8edf818d71cf56f,0
0x349e51662f23c372ed581a87d35ec602beed0a67,0x349e51662f23c372ed581a87d35ec602beed0a67,0
0xbc4171f45ef0ef66e76f979df021a34b46dcc81d,0xbc4171f45ef0ef66e76f979df021a34b46dcc81d,0
0x6810e776880c02933d47db1b9fc05908e5386b96,0x6810e776880c02933d47db1b9fc05908e5386b96,0
0x24e45b60e13b6f96e983bb01ea1326fa5169ccd5,0x24e45b60e13b6f96e983bb01ea1326fa5169ccd5,0
0xacf63e56fd08970b43401492a02f6f38b6635c91,0xacf63e56fd08970b43401492a02f6f38b6635c91,0
0xd46f0a952f30808cdd890da0a6d90aa9518d13ec,0xd46f0a952f30808cdd890da0a6d90aa9518d13ec,0
0x892e9e24aea3f27f4c6e9360e312cce93cc98ebe,0x892e9e24aea3f27f4c6e9360e312cce93cc98ebe,1
0x28c6c06298d514db089934071355e5743bf21d60,0x28c6c06298d514db089934071355e5743bf21d60,1
0xa299d753a359ec64865133eee15f79caff6e3232,0xa299d753a359ec64865133eee15f79caff6e3232,0
0xaebd3b8db8beabf66f6886031167dcf91162a791,0xaebd3b8db8beabf66f6886031167dcf91162a791,0
0xf4c23a32e701621edc23453dd751cac751fe72ae,0xf4c23a32e701621edc23453dd751cac751fe72ae,0
0x1bb9192107345e2c449b7605f1342f020786afe6,0x1bb9192107345e2c449b7605f1342f020786afe6,1
0xe41d2489571d322189246dafa5ebde1f4699f498,0xe41d2489571d322189246dafa5ebde1f4699f498,0
0xc944e90c64b2c07662a292be6244bdf05cda44a7,0xc944e90c64b2c07662a292be6244bdf05cda44a7,1
0x8290333cef9e6d528dd5618fb97a76f268f3edd4,0x8290333cef9e6d528dd5618fb97a76f268f3edd4,0
0x7fc66500c84a76ad7e9c93437bfc5ac33e2ddae9,0x7fc66500c84a76ad7e9c93437bfc5ac33e2ddae9,1
0x514910771af9ca656af840dff83e8264ecf986ca,0x514910771af9ca656af840dff83e8264ecf986ca,1
0x6da30018319c99b9d3e31a83c78441b2e09e88dd,0x6da30018319c99b9d3e31a83c78441b2e09e88dd,0
0x0367f673951a8ae01a81605ab01acf5dac25ac02,0x0367f673951a8ae01a81605ab01acf5dac25ac02,0
0xe043dceb0724d10a5e52419497c57bd6bcd2db8c,0xe043dceb0724d10a5e52419497c57bd6bcd2db8c,0
0xc681396b322ace8646a9d905589b49e476c30a6a,0xc681396b322ace8646a9d905589b49e476c30a6a,0
0xf73361fa722bad8c85d881de16067296e041302f,0xf73361fa722bad8c85d881de16067296e041302f,0
0xfc136cc56654a5a6bea745bfec69eba652bcb856,0xfc136cc56654a5a6bea745bfec69eba652bcb856,0
0x33fbd3d2bf09da7146fd96e1e426e81fa2a957ef,0x33fbd3d2bf09da7146fd96e1e426e81fa2a957ef,0
0xb1841c4ee5696aead5ee58bff4f1798f2db3d12f,0xb1841c4ee5696aead5ee58bff4f1798f2db3d12f,0
0x9e295f74083f0853cf6dc5810422a42a42564dec,0x9e295f74083f0853cf6dc5810422a42a42564dec,0
0x6fb4e96a4d6908b0d48cdb97e9cf7db08fb0c71d,0x6fb4e96a4d6908b0d48cdb97e9cf7db08fb0c71d,0
0x523a830a21bd6757012ac901464dac947370e923,0x523a830a21bd6757012ac901464dac947370e923,1
0x5210865e2d533fe2617e5aa541d8579acf60f397,0x5210865e2d533fe2617e5aa541d8579acf60f397,1
0xd33526068d116ce69f19a9ee46f0bd304f21a51f,0xd33526068d116ce69f19a9ee46f0bd304f21a51f,1
0x9f71c14848e4f274956e05892c780363bab45c45,0x9f71c14848e4f274956e05892c780363bab45c45,0
0xaeedc2172cd841fc65c1ffc10389c93dbf7cc549,0xaeedc2172cd841fc65c1ffc10389c93dbf7cc549,0
0xa3cd4cc2658ec3c0e9c2af0d381ccbd004e77d45,0xa3cd4cc2658ec3c0e9c2af0d381ccbd004e77d45,0
0x9a104cf4a85c711f14e66c48c2f2a91b578753e3,0x9a104cf4a85c711f14e66c48c2f2a91b578753e3,0
0xc5dcee665428190c1d2ecb31fc19f4ba98153b7a,0xc5dcee665428190c1d2ecb31fc19f4ba98153b7a,0
0xa200560551630911796299551ff18ea5f5df69b4,0xa200560551630911796299551ff18ea5f5df69b4,0
0xb1519287fd9aa9939ead364639b78f7fa2ff07cf,0xb1519287fd9aa9939ead364639b78f7fa2ff07cf,1
0x685a58a5a258f26c363c66d57b1415153618dcae,0x685a58a5a258f26c363c66d57b1415153618dcae,0
0x9df72af4a638f7df857c3b812ad92dfd6c477b29,0x9df72af4a638f7df857c3b812ad92dfd6c477b29,0
0xd2dabf56b7d2dc32e3a985fb418851a716c5979c,0xd2dabf56b7d2dc32e3a985fb418851a716c5979c,0
0x0a226a7093b2941fb3ccdf2a1b21d3716f700030,0x0a226a7093b2941fb3ccdf2a1b21d3716f700030,0
0xe585b799f21945cf99f4f560dce21566db091822,0xe585b799f21945cf99f4f560dce21566db091822,0
0xc72368fdadfe8ddad157e618c09e6962c00097c5,0xc72368fdadfe8ddad157e618c09e6962c00097c5,0
0x90878b2d7af82e7192e597ef3b6a39890845ce31,0x90878b2d7af82e7192e597ef3b6a39890845ce31,0
0xf629cbd94d3791c9250152bd8dfbdf380e2a3b9c,0xf629cbd94d3791c9250152bd8dfbdf380e2a3b9c,1
0xdcf5dfa62e349cce3fa14c08c39fd40b3505fe71,0xdcf5dfa62e349cce3fa14c08c39fd40b3505fe71,1
0x6e4f8dd145c1f43b1010565c3df4fa8e22df18e2,0x6e4f8dd145c1f43b1010565c3df4fa8e22df18e2,0
0xcfa3e97f04d9b7ecdab669d5ebffc897a3faff18,0xcfa3e97f04d9b7ecdab669d5ebffc897a3faff18,1
0x081131434f93063751813c619ecca9c4dc7862a3,0x081131434f93063751813c619ecca9c4dc7862a3,0
0x1f9840a85d5af5bf1d1762f925bdaddc4201f984,0x1f9840a85d5af5bf1d1762f925bdaddc4201f984,1
0x0f2d719407fdbeff09d87557abb7232601fd9f29,0x0f2d719407fdbeff09d87557abb7232601fd9f29,0
0x6dea81c8171d0ba574754ef6f8b412f2ed88c54d,0x6dea81c8171d0ba574754ef6f8b412f2ed88c54d,0
0x4b9278b94a1112cad404048903b8d343a810b07e,0x4b9278b94a1112cad404048903b8d343a810b07e,0
0xea26c4ac16d4a5a106820bc8aee85fd0b7b2b664,0xea26c4ac16d4a5a106820bc8aee85fd0b7b2b664,0
0x77777feddddffc19ff86db637967013e6c6a116c,0x77777feddddffc19ff86db637967013e6c6a116c,0
0xc09e793d035c791bceb2ab7c28d39e578e944ae5,0xc09e793d035c791bceb2ab7c28d39e578e944ae5,0
0x59304ca911b21f0161cb1bb33783168af7d11ae1,0x59304ca911b21f0161cb1bb33783168af7d11ae1,0
0x0dac280e403accb8ec69c00886bbff69c1da8f86,0x0dac280e403accb8ec69c00886bbff69c1da8f86,0
0xbc642588d81e9178313b7e6112a9c3c585d0c760,0xbc642588d81e9178313b7e6112a9c3c585d0c760,0
0x98617a757e3f0dd5b3450cdd478d298988386068,0x98617a757e3f0dd5b3450cdd478d298988386068,0
0x4fabb145d64652a948d72533023f6e7a623c7c53,0x4fabb145d64652a948d72533023f6e7a623c7c53,1
0xcaf5057f1e1cd9393838689b9768e043f2665914,0xcaf5057f1e1cd9393838689b9768e043f2665914,0
0x84abf93975e14235d5179fb26abdd73a101c9e68,0x84abf93975e14235d5179fb26abdd73a101c9e68,0
0x52fc231a704d25d4ae4c1d2dd2e55e9dda7c4ac7,0x52fc231a704d25d4ae4c1d2dd2e55e9dda7c4ac7,0
0x936ff4db113797b19c7c179557a71315e3135864,0x936ff4db113797b19c7c179557a71315e3135864,0
0xa2ccf9d77c737495ea72bb442bfdf6dbe040b3df,0xa2ccf9d77c737495ea72bb442bfdf6dbe040b3df,0
0x9d65ff81a3c488d585bbfb0bfe3c7707c7917f54,0x9d65ff81a3c488d585bbfb0bfe3c7707c7917f54,0
0x5c5a8d490e0b5e331fdf88be382146958ed280b0,0x5c5a8d490e0b5e331fdf88be382146958ed280b0,0
0xf40e617ff1d0e6a4e16c7dba4fd66a4ebf2280d4,0xf40e617ff1d0e6a4e16c7dba4fd66a4ebf2280d4,0
0x880fe9b58d79c5f360369827607a482a9480b294,0x880fe9b58d79c5f360369827607a482a9480b294,0
0xb3e8c75912438c2282e0afa51b41bff8e835bc88,0xb3e8c75912438c2282e0afa51b41bff8e835bc88,1
0x6b3595068778dd592e39a122f4f5a5cf09c90fe2,0x6b3595068778dd592e39a122f4f5a5cf09c90fe2,0
0x14bc861870853c7f327dec4118a39fe67fb2240e,0x14bc861870853c7f327dec4118a39fe67fb2240e,0
0xfaffc4708bc659320506e29db24e38d1c9504002,0xfaffc4708bc659320506e29db24e38d1c9504002,0
0x90956fa1f3b81076db5aaf6dbd4da02f9c468f55,0x90956fa1f3b81076db5aaf6dbd4da02f9c468f55,0
0x1dcf79412604600e8f98a54fb6398c4d51e38294,0x1dcf79412604600e8f98a54fb6398c4d51e38294,0
0x8732fb9dc66ec53520bc9748b3ceb23742b40a5e,0x8732fb9dc66ec53520bc9748b3ceb23742b40a5e,0
0xbfc3e6721c602009fdafac4e6bb14a044b702f75,0xbfc3e6721c602009fdafac4e6bb14a044b702f75,0
0x21497349bba4bac17719d371a844ec769c84fdfa,0x21497349bba4bac17719d371a844ec769c84fdfa,1
0xb74f679216c0db5cefc8388f6e13f7a795d85b9c,0xb74f679216c0db5cefc8388f6e13f7a795d85b9c,0
0x802c5657e8d1b0f3137683a75533ebe6fc5e2385,0x802c5657e8d1b0f3137683a75533ebe6fc5e2385,0
0xdf8533f05b10ae070f52a5dee2239adc086b19ad,0xdf8533f05b10ae070f52a5dee2239adc086b19ad,0
0xf2522cd7743bc08b0e7b1b4e0597b3062671b04e,0xf2522cd7743bc08b0e7b1b4e0597b3062671b04e,0
0xac80bf719c768ec716e1ab3b65a3ca3077519670,0xac80bf719c768ec716e1ab3b65a3ca3077519670,0
0xaeaa41429665dd87c14fb68006703dc1b6ea1286,0xaeaa41429665dd87c14fb68006703dc1b6ea1286,0
0xf316c83692e18624ac884ab7714c14f5917d587a,0xf316c83692e18624ac884ab7714c14f5917d587a,0
0xf71f2f026c3dab3a213e68129dc8c72d93a4f07b,0xf71f2f026c3dab3a213e68129dc8c72d93a4f07b,0
0xb25e54c1b7dd2941a3069ffe1d460b67ad3ee966,0xb25e54c1b7dd2941a3069ffe1d460b67ad3ee966,0
0x6c0496912335a7dc987ad30497a934f5e94ceb36,0x6c0496912335a7dc987ad30497a934f5e94ceb36,0
0xdb593d90df7d0375467851024780b08eb869596b,0xdb593d90df7d0375467851024780b08eb869596b,0
0xa02fe1e1e518605b7eb2cd2c40212d50bf38c1c8,0xa02fe1e1e518605b7eb2cd2c40212d50bf38c1c8,0
0xdc2b706f0c19c74550e0b28b40c8e43da447c44e,0xdc2b706f0c19c74550e0b28b40c8e43da447c44e,1
0x6c6ee5e31d828de241282b9606c8e98ea48526e2,0x6c6ee5e31d828de241282b9606c8e98ea48526e2,0
0xff20817765cb7f73d4bde2e66e067e58d11095c2,0xff20817765cb7f73d4bde2e66e067e58d11095c2,0
0x4d343377908aeae4c2826eec300aa0d35996a914,0x4d343377908aeae4c2826eec300aa0d35996a914,0
0x02a6acf940e6e857d741979239832f8dee42b0bc,0x02a6acf940e6e857d741979239832f8dee42b0bc,0
0x7b0b4160a4595a28c3bd02bb45bd66b2e8355c51,0x7b0b4160a4595a28c3bd02bb45bd66b2e8355c51,0
0x9aa7d0c4d993ae8c525a86a830ed33447d48a41a,0x9aa7d0c4d993ae8c525a86a830ed33447d48a41a,0
0x0fe04d158ca4778ba886a08e086f4c820fc6bcf5,0x0fe04d158ca4778ba886a08e086f4c820fc6bcf5,0
0xc61eabb15b283e54b83c0da505deaa637dac6dbc,0xc61eabb15b283e54b83c0da505deaa637dac6dbc,0
0xd52740baef03b2b5d782967076b760ec82fce61f,0xd52740baef03b2b5d782967076b760ec82fce61f,1
0xb546206793fdb167598670bb119fd5017cd40250,0xb546206793fdb167598670bb119fd5017cd40250,0
0x393ff131f7af69a463c1968a699167eb4f9cd732,0x393ff131f7af69a463c1968a699167eb4f9cd732,0
0xb8bf9de09606626f16b612f7d210ba59e9c32c6c,0xb8bf9de09606626f16b612f7d210ba59e9c32c6c,0
0xa8f640015c9532528a4c8a47fd17677074aaf1a5,0xa8f640015c9532528a4c8a47fd17677074aaf1a5,0
0xc10d2e11744744da410ee74a4dc33a28b01cf063,0xc10d2e11744744da410ee74a4dc33a28b01cf063,0
0x78c83588887a489875b3a9b3e435469468010a95,0x78c83588887a489875b3a9b3e435469468010a95,0
0x263ba193dd978c2d854e2ea349429af95bd696fc,0x263ba193dd978c2d854e2ea349429af95bd696fc,0
0x83f384eafe96bb00a724d50ec22af31550e774f8,0x83f384eafe96bb00a724d50ec22af31550e774f8,0
0xc0ec851feb404531fa5c578d771d1d70208ecce4,0xc0ec851feb404531fa5c578d771d1d70208ecce4,1
0x268d308bd5e2248fcb69e6e67329357d3df82e92,0x268d308bd5e2248fcb69e6e67329357d3df82e92,0
0x5a98fcbea516cf06857215779fd812ca3bef1b32,0x5a98fcbea516cf06857215779fd812ca3bef1b32,0
0xeb3bd1f2de0101b99be21e6457556e27f3f123e6,0xeb3bd1f2de0101b99be21e6457556e27f3f123e6,0
0x1e554db48be2f25da27483646a6d902d840362a0,0x1e554db48be2f25da27483646a6d902d840362a0,0
0xd1cd52c29a377b6555f8afe5d171ea2c4dce864b,0xd1cd52c29a377b6555f8afe5d171ea2c4dce864b,0
0xf679565ec79c9e0b33731f9ef7c00034a1869000,0xf679565ec79c9e0b33731f9ef7c00034a1869000,0
0x6679199a2cba2047fec5f69bd11deb1efef8f1f1,0x6679199a2cba2047fec5f69bd11deb1efef8f1f1,0
0x083748ee64c835e8542fc49ce58caf4c15358af2,0x083748ee64c835e8542fc49ce58caf4c15358af2,1
0x3506424f91fd33084466f402d5d97f05f8e3b4af,0x3506424f91fd33084466f402d5d97f05f8e3b4af,1
0x45804880de22913dafe09f4980848ece6ecbaf78,0x45804880de22913dafe09f4980848ece6ecbaf78,0
0xb222aa9ca47a3cb7c52b09366939a953cc410062,0xb222aa9ca47a3cb7c52b09366939a953cc410062,0
0xe4a77444781a04d3edc32752a10da2072ce7314c,0xe4a77444781a04d3edc32752a10da2072ce7314c,1
0xe5c02facaf90d185e3344a6f8a367134d78573dc,0xe5c02facaf90d185e3344a6f8a367134d78573dc,0
0xbb3fd383d1c5540e52ef0a7bcb9433375793aeaf,0xbb3fd383d1c5540e52ef0a7bcb9433375793aeaf,1
0x41e5560054824ea6b0732e656e3ad64e20e94e45,0x41e5560054824ea6b0732e656e3ad64e20e94e45,0
0xbf9d4e3cb6b4d0ea26ed198874dafa6086eca6be,0xbf9d4e3cb6b4d0ea26ed198874dafa6086eca6be,0
0x86a49eb47ed7fd447fe73a94ab059a43d8dc1528,0x86a49eb47ed7fd447fe73a94ab059a43d8dc1528,0
0x9b99d95d0999bf8ac0e747c54be21ab00ada82b9,0x9b99d95d0999bf8ac0e747c54be21ab00ada82b9,0
0x476ec955fbed5ab9553c23db5ad2cdb330121c72,0x476ec955fbed5ab9553c23db5ad2cdb330121c72,0
0xa4e7a0771df60a49c2cbf7be4ac83e59f966b506,0xa4e7a0771df60a49c2cbf7be4ac83e59f966b506,0
0x1ebeac647dd022692237a1ea1925b7845752af46,0x1ebeac647dd022692237a1ea1925b7845752af46,0
0x4dc5562521d475d1af392b1df1c49e23f275f220,0x4dc5562521d475d1af392b1df1c49e23f275f220,0
0x55a5b73571c52ce7810885503308c8c91bdb30bf,0x55a5b73571c52ce7810885503308c8c91bdb30bf,0
0xf82d01aa1dd488fcfe9598f54d545349f406671e,0xf82d01aa1dd488fcfe9598f54d545349f406671e,1
0xfd45234d0e04292d48edf05bea3d497b6ddd473b,0xfd45234d0e04292d48edf05bea3d497b6ddd473b,0
0x14036adbca00193a4fede7813a078eb2d797ee25,0x14036adbca00193a4fede7813a078eb2d797ee25,0
0xe8383d2d3cbed5a86d03be3833cc9ddf66bc227a,0xe8383d2d3cbed5a86d03be3833cc9ddf66bc227a,0
0xc4da8a2f5e95fa1ac8b154a0e762848922371162,0xc4da8a2f5e95fa1ac8b154a0e762848922371162,0
0x3c2b38e1928697947f71738cb4ff87954909fbe2,0x3c2b38e1928697947f71738cb4ff87954909fbe2,0
0xc13d5b40fd57d13383b41a9ab2f17fc70ddd84b1,0xc13d5b40fd57d13383b41a9ab2f17fc70ddd84b1,0
0x5fd33ccbdca1202856fe1e40ddb4c36069469269,0x5fd33ccbdca1202856fe1e40ddb4c36069469269,0
0x9ce3cec495097565eb2d104bb188d72ce8944fe2,0x9ce3cec495097565eb2d104bb188d72ce8944fe2,0
0x0f64ff6b986ef3bbd42b2cf8b39ce9952da9c55c,0x0f64ff6b986ef3bbd42b2cf8b39ce9952da9c55c,0
0x40e4bf478b9958561ffa8fd56744501cc43cb9eb,0x40e4bf478b9958561ffa8fd56744501cc43cb9eb,0
0xabfa4643a1bda6c3b1b53a4cfe07a9ae73e45b9c,0xabfa4643a1bda6c3b1b53a4cfe07a9ae73e45b9c,0
0x2fa80027cdb2071131479872ee84ae8075df09a1,0x2fa80027cdb2071131479872ee84ae8075df09a1,0
0xb44ade74dec32c9a1ea1189d963cc9e63d0b3a50,0xb44ade74dec32c9a1ea1189d963cc9e63d0b3a50,0
0x4b1c8c3709b5df238ed28f52d4f7bd272f01be64,0x4b1c8c3709b5df238ed28f52d4f7bd272f01be64,1
0x2ad0e1b5526f0446f52580f579a6c56fd7076d97,0x2ad0e1b5526f0446f52580f579a6c56fd7076d97,0
0xa79c2ff668e705c67addeddf31bbae68649bbf14,0xa79c2ff668e705c67addeddf31bbae68649bbf14,1
0xa2fdd012c0130bd386396aa673b1beb58e1b2c28,0xa2fdd012c0130bd386396aa673b1beb58e1b2c28,1
0x1f0818fb04fd503d1d964b83cba96915ed786baf,0x1f0818fb04fd503d1d964b83cba96915ed786baf,0
0x1d300798c6df7f8b3a20faad1f9363df97482b15,0x1d300798c6df7f8b3a20faad1f9363df97482b15,0
0x3a4845bcbeb23b7d7656b80f10ec4f68ad478051,0x3a4845bcbeb23b7d7656b80f10ec4f68ad478051,1
0x111111111117dc0aa78b770fa6a738034120c302,0x111111111117dc0aa78b770fa6a738034120c302,0
0x2260fac5e5542a773aa44fbcfedf7c193bc2c599,0x2260fac5e5542a773aa44fbcfedf7c193bc2c599,0
0x924fd0fdf73b84ed242e7310db888362c7cdcc8d,0x924fd0fdf73b84ed242e7310db888362c7cdcc8d,0
0xf7460d432ba8b921b728d221680c61fbef127a8d,0xf7460d432ba8b921b728d221680c61fbef127a8d,1
0x967da4048cd07ab37855c090aaf366e4ce1b9f48,0x967da4048cd07ab37855c090aaf366e4ce1b9f48,0
0x614a6d99aea479443f140ea267116d1b4296eee4,0x614a6d99aea479443f140ea267116d1b4296eee4,0
0xc051d5ec480da21405ec9dcd47fbad301ebb215d,0xc051d5ec480da21405ec9dcd47fbad301ebb215d,0
0x01eefa8a7efedae89c203bcf3ffb4ffd47393fb5,0x01eefa8a7efedae89c203bcf3ffb4ffd47393fb5,0
0x9105cb8486d19c2a868e2d901ebad19bb9f1f0b1,0x9105cb8486d19c2a868e2d901ebad19bb9f1f0b1,1
0x7420b4b9a0110cdc71fb720908340c03f9bc03ec,0x7420b4b9a0110cdc71fb720908340c03f9bc03ec,1
0x330f551d42ff99c6ef8c62a86fa5eab021b5c513,0x330f551d42ff99c6ef8c62a86fa5eab021b5c513,0
0x38674f5bc8d4b6584a954e95d621ff81c535dc98,0x38674f5bc8d4b6584a954e95d621ff81c535dc98,0
0x66681e83d44db252d04b407ea3edfd3157a87851,0x66681e83d44db252d04b407ea3edfd3157a87851,0
0xa37674e903ecef53e5282e877541c114dfcf5913,0xa37674e903ecef53e5282e877541c114dfcf5913,0
0x537983598ef2d288453caa6f4fc6f14afca3231f,0x537983598ef2d288453caa6f4fc6f14afca3231f,0
0x778c32251c28bcdeb54b076225b99deb02b78d27,0x778c32251c28bcdeb54b076225b99deb02b78d27,0
0x4b56f1e65f02969119b9da6806013762dae7022e,0x4b56f1e65f02969119b9da6806013762dae7022e,0
0x2a088e2b259eb258d3fbcde6f31b0d0c1f441804,0x2a088e2b259eb258d3fbcde6f31b0d0c1f441804,0
0xf74357269c5c8eae1f314167563f800e156fd8b8,0xf74357269c5c8eae1f314167563f800e156fd8b8,0
0xaf919100a22e8e8b8e6b9d262445b09dd941ae9d,0xaf919100a22e8e8b8e6b9d262445b09dd941ae9d,0
0x84db08bd21c3223998ec3674b7a375da5bdaff1e,0x84db08bd21c3223998ec3674b7a375da5bdaff1e,0
0x9ba0608321e3cbfef8909c7382ae1d2a555d9c7f,0x9ba0608321e3cbfef8909c7382ae1d2a555d9c7f,0
0x89cee1e4356a6bc4946db76a24fa1ffc6f90fc9e,0x89cee1e4356a6bc4946db76a24fa1ffc6f90fc9e,0
0x24ba0b8b84d8d9255efc6d1348ed499b58197201,0x24ba0b8b84d8d9255efc6d1348ed499b58197201,0
0x5c1464d7d634572b863f43364c44d7307849081c,0x5c1464d7d634572b863f43364c44d7307849081c,1
0x15e5aaea9ce5d1fa39f9db4f60d6760910177716,0x15e5aaea9ce5d1fa39f9db4f60d6760910177716,0
0x2c7aaa52114edeef84e60e84893abb092046abd2,0x2c7aaa52114edeef84e60e84893abb092046abd2,0
0xbfde554407182fac435f472b268dfe3d433c3f36,0xbfde554407182fac435f472b268dfe3d433c3f36,1
0xb93e1784f1258889dfd0bd4b16cd006c64d3cae5,0xb93e1784f1258889dfd0bd4b16cd006c64d3cae5,0
0xadc443d5a18ffc1c772112a4929c086ccff125ed,0xadc443d5a18ffc1c772112a4929c086ccff125ed,0
0x71dda00a9453a849a1637809d2ef80a9d41ec9f3,0x71dda00a9453a849a1637809d2ef80a9d41ec9f3,0
0xbd642a3355989fb9d6ed2f1ab298c676ae79b2f4,0xbd642a3355989fb9d6ed2f1ab298c676ae79b2f4,0
0x7dbde88aa7ca5a6c931864695e658f6a267395ca,0x7dbde88aa7ca5a6c931864695e658f6a267395ca,0
0xa0fcf43026a0c431a1a4c1e201dea155f2dce7bb,0xa0fcf43026a0c431a1a4c1e201dea155f2dce7bb,0
0x2671213d8027b24428ea48b0af22c6032ff206a0,0x2671213d8027b24428ea48b0af22c6032ff206a0,0
0x0a58792a96e466486be511b4f748f9a8b0d8a5ec,0x0a58792a96e466486be511b4f748f9a8b0d8a5ec,0
0xc21b7f11ce08554600756b4035618f7170819978,0xc21b7f11ce08554600756b4035618f7170819978,0
0x235426dc38fad352369ce8442325b8f41313a2e5,0x235426dc38fad352369ce8442325b8f41313a2e5,0
0x35f014a20400f85ceded05b1f7e6deef0bbdfd31,0x35f014a20400f85ceded05b1f7e6deef0bbdfd31,0
0xc8c33b41407938995632353939936a75c128ed93,0xc8c33b41407938995632353939936a75c128ed93,0
0x1d4b1181e15a4910f447156a2042aa4d68311369,0x1d4b1181e15a4910f447156a2042aa4d68311369,0
0x0734b50be079900c507c496fd7f7a410305ac987,0x0734b50be079900c507c496fd7f7a410305ac987,0
0x74d2debfc139da6c6175f5725ba5f1cf1ae54de2,0x74d2debfc139da6c6175f5725ba5f1cf1ae54de2,0
0x0e12d347716d0ce72276c2a56dd4741c46127afb,0x0e12d347716d0ce72276c2a56dd4741c46127afb,0
0x542dd3f1ad48c62ef1ec70a9d03ca707f431a601,0x542dd3f1ad48c62ef1ec70a9d03ca707f431a601,0
0x895710c2c7097fceef7e665fe89c6bcc1aa064c0,0x895710c2c7097fceef7e665fe89c6bcc1aa064c0,0
0xdb898da92a4c6a905fc2b68cfc2c64b775ed4c5c,0xdb898da92a4c6a905fc2b68cfc2c64b775ed4c5c,0
0x3f41fea6d88072a9cbdd773f2717a37ac39f61b2,0x3f41fea6d88072a9cbdd773f2717a37ac39f61b2,0
0x34fa639e95fc809ff3a4b3e1dc12e7dda6742340,0x34fa639e95fc809ff3a4b3e1dc12e7dda6742340,0
0x3552ed6b3a2fe1c593c58482f273509f49f077dc,0x3552ed6b3a2fe1c593c58482f273509f49f077dc,0
0xd94c23442d9d6e5a488de9e758152609788602b1,0xd94c23442d9d6e5a488de9e758152609788602b1,0
0xe1a623b9e883eccadf4781d7206ddfb6a2da34d7,0xe1a623b9e883eccadf4781d7206ddfb6a2da34d7,0
0x4d5f3c1cfca60bb40894fd5d5385ad9116eb5081,0x4d5f3c1cfca60bb40894fd5d5385ad9116eb5081,0
0x41b99b763e69678fc9d62058f010a70ad6ae7af6,0x41b99b763e69678fc9d62058f010a70ad6ae7af6,1
0xc659f6eaabd6314f59987b577b9912822d55ae59,0xc659f6eaabd6314f59987b577b9912822d55ae59,0
0x9ea21ce1b9a7b2a13cb939a56006e103613039bd,0x9ea21ce1b9a7b2a13cb939a56006e103613039bd,0
0xbf554ce894c6e8398d9e2b87595b9aa589f90037,0xbf554ce894c6e8398d9e2b87595b9aa589f90037,0
0xb644b2c09eaca94649a4847e1849cd0862153c4f,0xb644b2c09eaca94649a4847e1849cd0862153c4f,0
0xc75a497e51aedaf7acf4fc03a0cad7e29d2f0c3d,0xc75a497e51aedaf7acf4fc03a0cad7e29d2f0c3d,0
0xfe70201e1067ad096f111887bfc350df9c0be0f0,0xfe70201e1067ad096f111887bfc350df9c0be0f0,0
0x5c2bc98d3d7822e688b83cec3adc6c69c87a57b3,0x5c2bc98d3d7822e688b83cec3adc6c69c87a57b3,0
0xe60262bc7390a3f9055e5d2ecf941516122a1716,0xe60262bc7390a3f9055e5d2ecf941516122a1716,0
0xcd9e2b2a15dc209e304f9cf30abb8127a34e7d8e,0xcd9e2b2a15dc209e304f9cf30abb8127a34e7d8e,0
0x1c7368b6b40e1da9b58589cf7601b0c20dc0323e,0x1c7368b6b40e1da9b58589cf7601b0c20dc0323e,0
0xba7e0aec053478712a2253e23c6b8c6c6f121cd1,0xba7e0aec053478712a2253e23c6b8c6c6f121cd1,0
0x7b851fb6cd151110e44fdf46472886000df9623c,0x7b851fb6cd151110e44fdf46472886000df9623c,0
0x8bf40b9806d056aeef2430b5612d6bf96dd59b9d,0x8bf40b9806d056aeef2430b5612d6bf96dd59b9d,0
0xce4be9d324736b41d2ef6f3066b9193838e7646c,0xce4be9d324736b41d2ef6f3066b9193838e7646c,0
0x4f66ff1e68257cd1818fd350d99bad396057fe77,0x4f66ff1e68257cd1818fd350d99bad396057fe77,0
0x7b2952dcd6faddf977fab43426707e7a0283da46,0x7b2952dcd6faddf977fab43426707e7a0283da46,0
0x329b1006529383279077f6d5179627b39fafabb6,0x329b1006529383279077f6d5179627b39fafabb6,0
0x3a78121c5666e80c968fc433983e654f7892dfd0,0x3a78121c5666e80c968fc433983e654f7892dfd0,0
0x09845958ad4742d8cfb39f67999ef6a966daf772,0x09845958ad4742d8cfb39f67999ef6a966daf772,0
0xad56f11cd4c4cdeef05b64888fecd2a78fb6e17d,0xad56f11cd4c4cdeef05b64888fecd2a78fb6e17d,0
0x0e7184ff0615cc97732d232dd1fa926878ccf94d,0x0e7184ff0615cc97732d232dd1fa926878ccf94d,0
0xd7c6a37802a5199d2de092b25e557935f83d4327,0xd7c6a37802a5199d2de092b25e557935f83d4327,0
0x25a7cb986aa7524446b46e44d9cd9ff129c0a09b,0x25a7cb986aa7524446b46e44d9cd9ff129c0a09b,0
0x7adb033a52ba5675fd9940b1d484cea046fb2c54,0x7adb033a52ba5675fd9940b1d484cea046fb2c54,1
0x115efb5906e22c7c43e1402c8057332a3cf382ed,0x115efb5906e22c7c43e1402c8057332a3cf382ed,0
0xb8cb247fa96d4c78c34e68e4954070bc9b748e44,0xb8cb247fa96d4c78c34e68e4954070bc9b748e44,1
0xf57e7e7c23978c3caec3c3548e3d615c346e79ff,0xf57e7e7c23978c3caec3c3548e3d615c346e79ff,0
0x0257a9029c2fc2761af047aee924f0dc77d23655,0x0257a9029c2fc2761af047aee924f0dc77d23655,0
0x0f801164a6fca13c9231c5442e7770d8001fce38,0x0f801164a6fca13c9231c5442e7770d8001fce38,0
0x636094c124bd32726d2b6706810796f0fa786c10,0x636094c124bd32726d2b6706810796f0fa786c10,1
0xd26114cd6ee289accf82350c8d8487fedb8a0c07,0xd26114cd6ee289accf82350c8d8487fedb8a0c07,1
0xe2093ba0ffec4a1513a854faa837394c33d9f1c0,0xe2093ba0ffec4a1513a854faa837394c33d9f1c0,1
0x12c099c19c2976cec2bc3dca3c4777702f4c98b9,0x12c099c19c2976cec2bc3dca3c4777702f4c98b9,0
0xc7f9fa4becb60f9c226e38ba6546ade5d02ffe3f,0xc7f9fa4becb60f9c226e38ba6546ade5d02ffe3f,0
0x784d9b741ffce59283ed77922b7af8def7b3837b,0x784d9b741ffce59283ed77922b7af8def7b3837b,0
0x0ce67bd51f7d745b0342f5c555acb2e1a9141f40,0x0ce67bd51f7d745b0342f5c555acb2e1a9141f40,0
0x2ffe6a14147bcd82dc2a868ff1bca8cf3b082945,0x2ffe6a14147bcd82dc2a868ff1bca8cf3b082945,1
0x0bc529c00c6401aef6d220be8c6ea1667f6ad93e,0x0bc529c00c6401aef6d220be8c6ea1667f6ad93e,0
0xa1d0e215a23d7030842fc67ce582a6afa3ccab83,0xa1d0e215a23d7030842fc67ce582a6afa3ccab83,0
0xe6effe1e71070435afeaf960c9baf471d0bb1d0a,0xe6effe1e71070435afeaf960c9baf471d0bb1d0a,1
0xbbbbca6a901c926f240b89eacb641d8aec7aeafd,0xbbbbca6a901c926f240b89eacb641d8aec7aeafd,0
0x378d13de3043719cf0d76954ff623235ab447d94,0x378d13de3043719cf0d76954ff623235ab447d94,0
0xea67e641b67ba0858d1067974c8bd97f5d6d89e1,0xea67e641b67ba0858d1067974c8bd97f5d6d89e1,0
0x38226ca26eed7e815ba75d0d10866f9eb0b3f107,0x38226ca26eed7e815ba75d0d10866f9eb0b3f107,0
0xe5057a396e20ba1af47315271370b720273af78b,0xe5057a396e20ba1af47315271370b720273af78b,0
0x3f231060f076d0c8e3137b93aee74fddda3c5c17,0x3f231060f076d0c8e3137b93aee74fddda3c5c17,0
0x6980db1db3d53d3f5a2515a65cfbb5813224df0a,0x6980db1db3d53d3f5a2515a65cfbb5813224df0a,0
0x91632d6c52ea89239780567d120f65dc1d377005,0x91632d6c52ea89239780567d120f65dc1d377005,0
0x1a6d78e03aa34c50dcbb6ba69a9fa936bf68922b,0x1a6d78e03aa34c50dcbb6ba69a9fa936bf68922b,0
0x16318d02ec9a0c67cb21555a83edbfdb7891bae8,0x16318d02ec9a0c67cb21555a83edbfdb7891bae8,0
0x3085950450265d07db5f0e1b07c88b154eb27eb6,0x3085950450265d07db5f0e1b07c88b154eb27eb6,0
0x5df968cb0bedac9d31be0ff357e986fe4dc717ac,0x5df968cb0bedac9d31be0ff357e986fe4dc717ac,0
0x0817a5a5e995c2a35fb5b6a50d274465a85fd3be,0x0817a5a5e995c2a35fb5b6a50d274465a85fd3be,0
0x664ba783419cd0a0c5755529f8fd7a6863ee5f16,0x664ba783419cd0a0c5755529f8fd7a6863ee5f16,0
0x1d840896b94df75abacdc357e3901604660c99d2,0x1d840896b94df75abacdc357e3901604660c99d2,0
0xd371e00577ded8c823e784314e7ad7fcc468aa67,0xd371e00577ded8c823e784314e7ad7fcc468aa67,1
0xa8b76bf46cb05674616b70156c20c3f680d80cdd,0xa8b76bf46cb05674616b70156c20c3f680d80cdd,0
0xc90e4cfde2ccc58ac380ea00b7acb0a15f492f45,0xc90e4cfde2ccc58ac380ea00b7acb0a15f492f45,0
0xf8ed7e8109321a0431743b0137dece596d1ed83d,0xf8ed7e8109321a0431743b0137dece596d1ed83d,0
0x5f5aae2e740dd89dd09f08a23656d68980c2a7af,0x5f5aae2e740dd89dd09f08a23656d68980c2a7af,0
0x93c02d8dfe5af9ac68d409973bf42f52287e561f,0x93c02d8dfe5af9ac68d409973bf42f52287e561f,0
0x8dc402edd30dce8a3adb50286f270c94b9860d6d,0x8dc402edd30dce8a3adb50286f270c94b9860d6d,1
0xa2ba55ce2be9bef9d41338ccf03d4688987f9604,0xa2ba55ce2be9bef9d41338ccf03d4688987f9604,0
0x0ab435f4468fb55799afbd5aae0a490f63255657,0x0ab435f4468fb55799afbd5aae0a490f63255657,0
0x07011bef7b93d5a1d2872bd01b8d79a871898da4,0x07011bef7b93d5a1d2872bd01b8d79a871898da4,0
0x95d505fb3b94fd41d21d42106ac3952c65a0bcdf,0x95d505fb3b94fd41d21d42106ac3952c65a0bcdf,0
0x199b9ba88daa1eb038de33b893076e718fe17e34,0x199b9ba88daa1eb038de33b893076e718fe17e34,0
0xba50b38815876cc6150bcdfb650ddda8ca7d7837,0xba50b38815876cc6150bcdfb650ddda8ca7d7837,0
0x9cd6038ec955e71c2b161b54ce345383b55258a0,0x9cd6038ec955e71c2b161b54ce345383b55258a0,0
0x0ff125d9e6619eded842bebe9a6f60bcb4aaac6b,0x0ff125d9e6619eded842bebe9a6f60bcb4aaac6b,1
0x5dba8ad2cff1db41937a7e0afe0578b84c7aa7f0,0x5dba8ad2cff1db41937a7e0afe0578b84c7aa7f0,0
0x9bc34f0f21ed89ceb9bd0190716ed625eeaa88c2,0x9bc34f0f21ed89ceb9bd0190716ed625eeaa88c2,0
0xdf7e3687229886da483b624c615ffbc320cdf508,0xdf7e3687229886da483b624c615ffbc320cdf508,0
0x51b776c008dcbf54b1ccfa6dd7db82fa590e6b5b,0x51b776c008dcbf54b1ccfa6dd7db82fa590e6b5b,0
0x67efc19a6608b5a5f534fc74e9a0768b04e0db6d,0x67efc19a6608b5a5f534fc74e9a0768b04e0db6d,0
0x7fc0b5e483502f415aaa9e86b6166967a50e12ae,0x7fc0b5e483502f415aaa9e86b6166967a50e12ae,0
0x1d9682b499d59a79848644a5552ebc5eec7cea3e,0x1d9682b499d59a79848644a5552ebc5eec7cea3e,0
0x07b3a5b07456e586f1edd612f2c623ee56b4c073,0x07b3a5b07456e586f1edd612f2c623ee56b4c073,0
0xcbc737f104e68d23c601dff000bb23f3d6f49368,0xcbc737f104e68d23c601dff000bb23f3d6f49368,0
0x5ddc4c08416065558d716ce74055d0d9ba2bf2c1,0x5ddc4c08416065558d716ce74055d0d9ba2bf2c1,0
0xb534ca060e0653965c68ab440a41bb8d853b716f,0xb534ca060e0653965c68ab440a41bb8d853b716f,0
0x8a70fe124849ec3425a7275cb2a8bee22cfe61ab,0x8a70fe124849ec3425a7275cb2a8bee22cfe61ab,1
0x9b5bb73c7b6a664284208c9e5cbec85a59816edc,0x9b5bb73c7b6a664284208c9e5cbec85a59816edc,0
0xc82c0a3164ff118d24ec4d455a980c8a9ba85f9c,0xc82c0a3164ff118d24ec4d455a980c8a9ba85f9c,0
0xb77d23f8e3344a0bbf64eb69a270e0264c6149f2,0xb77d23f8e3344a0bbf64eb69a270e0264c6149f2,0
0xf78f4d237170501f76537c378862a6144209f06d,0xf78f4d237170501f76537c378862a6144209f06d,1
0x2bb040acbff3b334fc5e2b22cba6fbe8de8c86dc,0x2bb040acbff3b334fc5e2b22cba6fbe8de8c86dc,0
0x0997d1ce4805f0533e052bfc192390fd130feafa,0x0997d1ce4805f0533e052bfc192390fd130feafa,0
0xb5b46fe222aec3cec2999d5f5ebad92ce5c8a200,0xb5b46fe222aec3cec2999d5f5ebad92ce5c8a200,0
0xadb577ccb646b31087f10f4acb9117675952a991,0xadb577ccb646b31087f10f4acb9117675952a991,0
0xf30ec466f9db04c2c2324ee4f8ab9a8107eadabf,0xf30ec466f9db04c2c2324ee4f8ab9a8107eadabf,0
0x5ae1ad1625a5be2dfa8b3531e1c458b3f5a0f86e,0x5ae1ad1625a5be2dfa8b3531e1c458b3f5a0f86e,1
0xf17e65822b568b3903685a7c9f496cf7656cc6c2,0xf17e65822b568b3903685a7c9f496cf7656cc6c2,0
0x5faa989af96af85384b8a938c2ede4a7378d9875,0x5faa989af96af85384b8a938c2ede4a7378d9875,0
0xfeca5474d5b6a44fc681d73d1de89d0353488385,0xfeca5474d5b6a44fc681d73d1de89d0353488385,0
0x067e706b20a9187b15d6f31627b8bf18fa04e227,0x067e706b20a9187b15d6f31627b8bf18fa04e227,0
0xed2eeb4f0dd3cecff0b4b722cf718dda65dfeeee,0xed2eeb4f0dd3cecff0b4b722cf718dda65dfeeee,0
0xe823125f4c9ebd39110fa70bdf9cbdbe01d18f60,0xe823125f4c9ebd39110fa70bdf9cbdbe01d18f60,0
0x761daba5207540557612e61c834a519e76e97024,0x761daba5207540557612e61c834a519e76e97024,0
0x982b9793604986ef8c10133e46a645ec493a69c2,0x982b9793604986ef8c10133e46a645ec493a69c2,0
0xb598d71c3f41197ed3dfd6d571005c292fa1188d,0xb598d71c3f41197ed3dfd6d571005c292fa1188d,0
0xc13f4c452d9c0fca86fa8d623094bfe69c3e4075,0xc13f4c452d9c0fca86fa8d623094bfe69c3e4075,0
0x5b8b5dbdf97fc9bddf269e862ddceeca942d2c91,0x5b8b5dbdf97fc9bddf269e862ddceeca942d2c91,1
0x4a220e6096b25eadb88358cb44068a3248254675,0x4a220e6096b25eadb88358cb44068a3248254675,0
0xc2c1b2a3351d87524880a949d75d1515b65dfebc,0xc2c1b2a3351d87524880a949d75d1515b65dfebc,1
0x231316d003ff8d2e2aab000eb03c034e727a17a3,0x231316d003ff8d2e2aab000eb03c034e727a17a3,1
0x0f5d2fb29fb7d3cfee444a200298f468908cc942,0x0f5d2fb29fb7d3cfee444a200298f468908cc942,1
0x9f8f72aa9304c8b593d555f12ef6589cc3a579a2,0x9f8f72aa9304c8b593d555f12ef6589cc3a579a2,1
0x25f8087ead173b73d6e8b84329989a8eea16cf73,0x25f8087ead173b73d6e8b84329989a8eea16cf73,0
0x3c4b6e6e1ea3d4863700d7f76b36b7f3d3f13e3d,0x3c4b6e6e1ea3d4863700d7f76b36b7f3d3f13e3d,0
0x30275a05ad5ce7418e35110e0087de92031bc8d0,0x30275a05ad5ce7418e35110e0087de92031bc8d0,0
0xfdb8faa2a0c2b1d9fe213f2955ab2d4b136c5d8d,0xfdb8faa2a0c2b1d9fe213f2955ab2d4b136c5d8d,0
0x1d6d481cf0e87cbb119a7bbe6ab9d74011de2b90,0x1d6d481cf0e87cbb119a7bbe6ab9d74011de2b90,0
0x3845badade8e6dff049820680d1f14bd3903a5d0,0x3845badade8e6dff049820680d1f14bd3903a5d0,1
0xe00324cf32809a4a3a0917927197315c0d75938c,0xe00324cf32809a4a3a0917927197315c0d75938c,0
0x3fe58bdeec8cb6fb9be17434cf79ed02f8354b1c,0x3fe58bdeec8cb6fb9be17434cf79ed02f8354b1c,0
0x6b511f5c76aeff982b5675f96d24d031c5e9b1a6,0x6b511f5c76aeff982b5675f96d24d031c5e9b1a6,0
0xf1b0564eff8bf55caa8b568bc59813984a51e781,0xf1b0564eff8bf55caa8b568bc59813984a51e781,1
0xc011a73ee8576fb46f5e1c5751ca3b9fe0af2a6f,0xc011a73ee8576fb46f5e1c5751ca3b9fe0af2a6f,0
0xcd3c3cccd5ec5d3480759e07cac3bdf9d8897557,0xcd3c3cccd5ec5d3480759e07cac3bdf9d8897557,0
0xe4ec494554885f0d2fbe7beae18eb568b56731f0,0xe4ec494554885f0d2fbe7beae18eb568b56731f0,0
0xfe3e6bfb0aa41fa07f3d923b950a500c46173d72,0xfe3e6bfb0aa41fa07f3d923b950a500c46173d72,0
0x80c62fe4487e1351b47ba49809ebd60ed085bf52,0x80c62fe4487e1351b47ba49809ebd60ed085bf52,0
0x49d99fb5f4b113aa8448e630fd7d6c0e81161e21,0x49d99fb5f4b113aa8448e630fd7d6c0e81161e21,0
0xb8c77482e45f1f44de1745f52c74426c631bdd52,0xb8c77482e45f1f44de1745f52c74426c631bdd52,0
0x2642a5dbd3bd40ec99ab3c40db59ddbcd8983b0c,0x2642a5dbd3bd40ec99ab3c40db59ddbcd8983b0c,0
0x7473dafbeaafe6e82dad3b320e704ebdf2a6e1e8,0x7473dafbeaafe6e82dad3b320e704ebdf2a6e1e8,0
0xb0b81489ee14c53a0ea47205f23a6b2160bac48d,0xb0b81489ee14c53a0ea47205f23a6b2160bac48d,1
0x0d8775f648430679a709e98d2b0cb6250d2887ef,0x0d8775f648430679a709e98d2b0cb6250d2887ef,1
0xb64ef51c888972c908cfacf59b47c1afbc0ab8ac,0xb64ef51c888972c908cfacf59b47c1afbc0ab8ac,0
0xaea46a60368a7bd060eec7df8cba43b7ef41ad85,0xaea46a60368a7bd060eec7df8cba43b7ef41ad85,0
0x4b40da6045faa37b490a84bc7db5775affc9bddf,0x4b40da6045faa37b490a84bc7db5775affc9bddf,0
0x411c104dcec01380ee86ea2d090ed3450850f1d6,0x411c104dcec01380ee86ea2d090ed3450850f1d6,1
0x9739f3a58ef70e22a544140b5bdbd2c4eff9b4de,0x9739f3a58ef70e22a544140b5bdbd2c4eff9b4de,0
0x0b08063ff2b8f04afb65268bae43223ac2d6b0b5,0x0b08063ff2b8f04afb65268bae43223ac2d6b0b5,1
0xc990f2f8c062d6f4fe565e47a5f74d119991e96a,0xc990f2f8c062d6f4fe565e47a5f74d119991e96a,0
0x8b9dc970b7137fcb9580dbf7df4d36d18e6217cd,0x8b9dc970b7137fcb9580dbf7df4d36d18e6217cd,0
0xe0afbfcf5da1483f22a51a5cb8df296a04fe0dce,0xe0afbfcf5da1483f22a51a5cb8df296a04fe0dce,0
0xba73561061233ee42048ff336f41dfd128fba1e9,0xba73561061233ee42048ff336f41dfd128fba1e9,0
0x2beb1fcaf4bc463b9c165a8fb4f976c22309d9aa,0x2beb1fcaf4bc463b9c165a8fb4f976c22309d9aa,1
0x3432b6a60d23ca0dfca7761b7ab56459d9c964d0,0x3432b6a60d23ca0dfca7761b7ab56459d9c964d0,0
0x4e3fbd56cd56c3e72c1403e103b45db9da5b9d2b,0x4e3fbd56cd56c3e72c1403e103b45db9da5b9d2b,0
0x55fbd580a637e2d6c110c91d674ff357e672914f,0x55fbd580a637e2d6c110c91d674ff357e672914f,0
0xa65aea106694fb3ea72e176690de191d98849d3f,0xa65aea106694fb3ea72e176690de191d98849d3f,0
0x20e3931a4c5ff4e97bfa794b84830a00f8df7810,0x20e3931a4c5ff4e97bfa794b84830a00f8df7810,0
0x973bf3826a9b040eb747ecfd7e677f6c0135c8f7,0x973bf3826a9b040eb747ecfd7e677f6c0135c8f7,0
0x3a3588fdb87682cc12246a2cb8bdde21c9c294dc,0x3a3588fdb87682cc12246a2cb8bdde21c9c294dc,0
0xce5b0fc04ab33d0151d7622bcdb76f3474373624,0xce5b0fc04ab33d0151d7622bcdb76f3474373624,0
0x2a1c5d3086fb1a6c1d0e3afb8f865873a4a9242f,0x2a1c5d3086fb1a6c1d0e3afb8f865873a4a9242f,0
0x4bcdb0427a8c18619d617b1513b8add733338ecc,0x4bcdb0427a8c18619d617b1513b8add733338ecc,0
0x0006415cf6c80d90a91c1db32c7239ab9de1cbba,0x0006415cf6c80d90a91c1db32c7239ab9de1cbba,0
0xcbaece0e9519f6d8b2820af0baf0ecce31dda770,0xcbaece0e9519f6d8b2820af0baf0ecce31dda770,0
0x69af81e73a73b40adf4f3d4223cd9b1ece623074,0x69af81e73a73b40adf4f3d4223cd9b1ece623074,0
0x6a2b8fa8cfa099e280b48610c5d0100138739cec,0x6a2b8fa8cfa099e280b48610c5d0100138739cec,1
0xb62132e35a6c13ee1ee0f84dc5d40bad8d815206,0xb62132e35a6c13ee1ee0f84dc5d40bad8d815206,0
0x378f29274bb52abc96316c0d718b7405743cefc5,0x378f29274bb52abc96316c0d718b7405743cefc5,0
0x5b37eafa30ddfe300afd495c46b7c963b1ef11d5,0x5b37eafa30ddfe300afd495c46b7c963b1ef11d5,0
0xcae9a19d6876bcac3322e50413a96c7ad30ec079,0xcae9a19d6876bcac3322e50413a96c7ad30ec079,0
0x4f176f969476e16ce771a2cd05fd6c9ef8d7ac27,0x4f176f969476e16ce771a2cd05fd6c9ef8d7ac27,0
0xd9f4c84478ea0cd41e77be9895f5408aa301af84,0xd9f4c84478ea0cd41e77be9895f5408aa301af84,0
0x641082848663e607410be890b5a586d9992d914b,0x641082848663e607410be890b5a586d9992d914b,0
0x8cf36011b5fce6bb896920be81f0d7a92ac42c2b,0x8cf36011b5fce6bb896920be81f0d7a92ac42c2b,0
0xa3d00467d18e4fe822dd852187fc6b605d7ca34c,0xa3d00467d18e4fe822dd852187fc6b605d7ca34c,0
0xa380087788a4d46c0cfeb24c05a664d3ba0fbcf7,0xa380087788a4d46c0cfeb24c05a664d3ba0fbcf7,0
0xc4c7ea4fab34bd9fb9a5e1b1a98df76e26e6407c,0xc4c7ea4fab34bd9fb9a5e1b1a98df76e26e6407c,0
0x9d5bd40505a037db4ac3ef650ded259b42c28558,0x9d5bd40505a037db4ac3ef650ded259b42c28558,0
0xc5174e3383e1a3baed7cf95a6351f2d9f02e9f32,0xc5174e3383e1a3baed7cf95a6351f2d9f02e9f32,0
0x118c0a5bb3dd0400328415f332085f97dc597861,0x118c0a5bb3dd0400328415f332085f97dc597861,0
0x8f585de5a1bed997d5ee80756efb688e44df2bfe,0x8f585de5a1bed997d5ee80756efb688e44df2bfe,0
0x0c79d3a8996e71b4ed44725acecb6aebbec9203e,0x0c79d3a8996e71b4ed44725acecb6aebbec9203e,0
0x15e7abc6279a0369875d38adf3273520ea4e113f,0x15e7abc6279a0369875d38adf3273520ea4e113f,0
0x0bf6f7212a70b784e4fdf3b89edd34befb9841d8,0x0bf6f7212a70b784e4fdf3b89edd34befb9841d8,0
0x34562dffc5c9dba751bb0eb2438e0943c5e6b9de,0x34562dffc5c9dba751bb0eb2438e0943c5e6b9de,0
0xd379153f0ad70ea3f9726670ee707f5aa6da7995,0xd379153f0ad70ea3f9726670ee707f5aa6da7995,0
0x20dc8329357d9058bab671b5c5193e0c669750c2,0x20dc8329357d9058bab671b5c5193e0c669750c2,1
0x6a2c8304fcb96b1ad8c16d1d88e764cf75be1560,0x6a2c8304fcb96b1ad8c16d1d88e764cf75be1560,0
0xe4119182ded808382bdbacd1fbef8ba56a0ec61e,0xe4119182ded808382bdbacd1fbef8ba56a0ec61e,1
0xb679823ccfa842f1dc8916c447ccf7d4f497ebb3,0xb679823ccfa842f1dc8916c447ccf7d4f497ebb3,0
0xf91b57559b1aaeb425107849c840b0ae4f2e8ef0,0xf91b57559b1aaeb425107849c840b0ae4f2e8ef0,0
0x6ef291b91fb18b12d3016a1d2a813b1017c5ae47,0x6ef291b91fb18b12d3016a1d2a813b1017c5ae47,1
0xaf08ec102df89319bcc9e821d6fe053f2e2fb7fd,0xaf08ec102df89319bcc9e821d6fe053f2e2fb7fd,0
0xcd5ba7c7a8f87f664bab442152c15bda0b01a9c1,0xcd5ba7c7a8f87f664bab442152c15bda0b01a9c1,1
0x470d8be850ba8c5672eb81c2723f5374010d0a24,0x470d8be850ba8c5672eb81c2723f5374010d0a24,0
0xfb8258fd3c04d8f076def8c0d2ae7c49f9fe2c47,0xfb8258fd3c04d8f076def8c0d2ae7c49f9fe2c47,0
0x72ff8e42e9691fb990575329e8fa4d88c8e3bd83,0x72ff8e42e9691fb990575329e8fa4d88c8e3bd83,0
0x289784b276341e2dab38f795123cdf7998854d54,0x289784b276341e2dab38f795123cdf7998854d54,0
0x2b53182343428ac213d224025b8ce56cca2fcd75,0x2b53182343428ac213d224025b8ce56cca2fcd75,0
0x642bb5e4ee630b25ad35aff500a16db55c18ac60,0x642bb5e4ee630b25ad35aff500a16db55c18ac60,0
0xa534d69b2ad789592859d7bde0fc122ea74534b2,0xa534d69b2ad789592859d7bde0fc122ea74534b2,0
0xcab0c72eede6674f862e33ab512a01273c614062,0xcab0c72eede6674f862e33ab512a01273c614062,0
0x11107e795d166d2e47ad81ee3301ce8e75b9c62a,0x11107e795d166d2e47ad81ee3301ce8e75b9c62a,0
0x6d1a425700fae959ca04cbd769cced1364a2e35f,0x6d1a425700fae959ca04cbd769cced1364a2e35f,0
0x39f665218323cb73898a4a06230f23ed5401d87a,0x39f665218323cb73898a4a06230f23ed5401d87a,1
0x6de037ef9ad2725eb40118bb1702ebb27e4aeb24,0x6de037ef9ad2725eb40118bb1702ebb27e4aeb24,0
0x1ac7ce3f3290888d0a0533cc07758566e422305a,0x1ac7ce3f3290888d0a0533cc07758566e422305a,0
0x09aa2e4d55bd7216f6e1455a76ccfb886aba9aa8,0x09aa2e4d55bd7216f6e1455a76ccfb886aba9aa8,0
0xb28e7fac193037fa4ead0291733e706ab8d399c2,0xb28e7fac193037fa4ead0291733e706ab8d399c2,0
0x4d08a0dfca300105b34f2d6fcff8727ff92ee05d,0x4d08a0dfca300105b34f2d6fcff8727ff92ee05d,0
0x96998b7a7fdc1ebc66caf3f9bee65f8752162ad6,0x96998b7a7fdc1ebc66caf3f9bee65f8752162ad6,0
0xa0fbdf2c4740ff2b53cb3d83ffe79e7e539288bf,0xa0fbdf2c4740ff2b53cb3d83ffe79e7e539288bf,0
0xd692d183dc5b05139681baf1cfa8e4f89bc5bf56,0xd692d183dc5b05139681baf1cfa8e4f89bc5bf56,0
0xd2c2952f6c3b866648624761a09062a54ece5890,0xd2c2952f6c3b866648624761a09062a54ece5890,0
0xb2eb7bc2371e5763274787292d5049258b70fd99,0xb2eb7bc2371e5763274787292d5049258b70fd99,0
0x62da5ec140957404bf2fdaef81c588257e32a76e,0x62da5ec140957404bf2fdaef81c588257e32a76e,1
0xfe3e6a25e6b192a42a44ecddcd13796471735acf,0xfe3e6a25e6b192a42a44ecddcd13796471735acf,0
0x23d09f6809715c30d4a4a8c04808273125b03925,0x23d09f6809715c30d4a4a8c04808273125b03925,0
0x5b1c02cdeaf9a0466a0a0b20d2ca079ba1fb5380,0x5b1c02cdeaf9a0466a0a0b20d2ca079ba1fb5380,0
0x1a759f347e4f5d6f632eda562a06d6d8acb6a0be,0x1a759f347e4f5d6f632eda562a06d6d8acb6a0be,0
0xc4faa9d75e7197bb9639d63da360a8a2931be546,0xc4faa9d75e7197bb9639d63da360a8a2931be546,0
0x14dfd1e570aa28dc31e6d992704c0477b596998b,0x14dfd1e570aa28dc31e6d992704c0477b596998b,0
0xc64d260b3673373c5dacc86f0cc534a1e179a0ca,0xc64d260b3673373c5dacc86f0cc534a1e179a0ca,1
0x8a2279d4a90b6fe1c4b30fa660cc9f926797baa2,0x8a2279d4a90b6fe1c4b30fa660cc9f926797baa2,0
0x3607bdf9880bd0fdf76439cc10a8a682ad07e951,0x3607bdf9880bd0fdf76439cc10a8a682ad07e951,0
0x5061a44bdd3c7b3d0dc5b6ac57c56edc497cc75d,0x5061a44bdd3c7b3d0dc5b6ac57c56edc497cc75d,0
0x1f94a7c59b650c5f3eab10957d0512afe70cdc5d,0x1f94a7c59b650c5f3eab10957d0512afe70cdc5d,0
0x71ba9f316a444eccafdc2534393c1a338c8fa3d1,0x71ba9f316a444eccafdc2534393c1a338c8fa3d1,0
0x90f6ca8246582988b84bc4fe135d25b6e585a932,0x90f6ca8246582988b84bc4fe135d25b6e585a932,0
0x41cda7a15493be69018f9875ab15dac58c361d28,0x41cda7a15493be69018f9875ab15dac58c361d28,0
0x4b1e4a1bed00d29c2a5ffd7f521d01920a65fb75,0x4b1e4a1bed00d29c2a5ffd7f521d01920a65fb75,1
0xcc8fa225d80b9c7d42f96e9570156c65d6caaa25,0xcc8fa225d80b9c7d42f96e9570156c65d6caaa25,0
0x97a9b9b0641ea3f19dbe3c5c5b1d97d365393f47,0x97a9b9b0641ea3f19dbe3c5c5b1d97d365393f47,0
0x95e0a5e433fe621033608d799f67de38ee444b6d,0x95e0a5e433fe621033608d799f67de38ee444b6d,0
0xc399fb166acddcbb5eeff3db6b1a3cbd50108e8b,0xc399fb166acddcbb5eeff3db6b1a3cbd50108e8b,0
0xa59b648dfae5c4f58cca81d395c149780468cadf,0xa59b648dfae5c4f58cca81d395c149780468cadf,0
0xea8a3d26975cd1264276c5773c1a726c5869c79f,0xea8a3d26975cd1264276c5773c1a726c5869c79f,0
0x6767526a362ec6c6b1df185478e4f01506b73ff3,0x6767526a362ec6c6b1df185478e4f01506b73ff3,1
0x595832f8fc6bf59c85c527fec3740a1b7a361269,0x595832f8fc6bf59c85c527fec3740a1b7a361269,0
0x607f4c5bb672230e8672085532f7e901544a7375,0x607f4c5bb672230e8672085532f7e901544a7375,0
0x491604c0fdf08347dd1fa4ee062a822a5dd06b5d,0x491604c0fdf08347dd1fa4ee062a822a5dd06b5d,0
0x1f573d6fb3f13d689ff844b4ce37794d79a7ff1c,0x1f573d6fb3f13d689ff844b4ce37794d79a7ff1c,0
0xc00e94cb662c3520282e6f5717214004a7f26888,0xc00e94cb662c3520282e6f5717214004a7f26888,0
0x34abfc1cf64b6d4ddec069fd6097b9db0ce43d30,0x34abfc1cf64b6d4ddec069fd6097b9db0ce43d30,1
0x6e5dc261ff7bcb3fe083b495e985f42967f26753,0x6e5dc261ff7bcb3fe083b495e985f42967f26753,0
0x20149cda506d5c04f2f58d4fa1b43cf5a10f9521,0x20149cda506d5c04f2f58d4fa1b43cf5a10f9521,0
0x71de7e3ba9771a83f8bda463dd4ad60efd0ecdda,0x71de7e3ba9771a83f8bda463dd4ad60efd0ecdda,0
0xd92002a9ae134018ae9aeced4833378b6a7cf10b,0xd92002a9ae134018ae9aeced4833378b6a7cf10b,0
0xbd9e977621ffc3ac35ce4e6c0e5184f6ad958b91,0xbd9e977621ffc3ac35ce4e6c0e5184f6ad958b91,0
0x3b1f77033ccfc96df30f4434cb59f9a7104f7111,0x3b1f77033ccfc96df30f4434cb59f9a7104f7111,0
0x2213fd98991092551e887901af3b66cc950d3fa0,0x2213fd98991092551e887901af3b66cc950d3fa0,0
0xcb3887764c9b0835bfd06ddec1e1a278a3e75e43,0xcb3887764c9b0835bfd06ddec1e1a278a3e75e43,0
0x2c13cf928ac050a49228f238abf79116a05cdc41,0x2c13cf928ac050a49228f238abf79116a05cdc41,0
0x46fa963b5463fe3494adae444327eda6b54046b1,0x46fa963b5463fe3494adae444327eda6b54046b1,0
0x0d32ff1620c1f28aaf1fec165990eee70495b3d6,0x0d32ff1620c1f28aaf1fec165990eee70495b3d6,0
0x124c956cdebd1dac9f007cc8cdae69a29aa0d280,0x124c956cdebd1dac9f007cc8cdae69a29aa0d280,0
0x5871a501e0944695bf2453797b1e1c9565cb1b8f,0x5871a501e0944695bf2453797b1e1c9565cb1b8f,0
0xcbbc762ad0c14e476bd6f48d4295c07165a41653,0xcbbc762ad0c14e476bd6f48d4295c07165a41653,1
0x71ab77b7dbb4fa7e017bc15090b2163221420282,0x71ab77b7dbb4fa7e017bc15090b2163221420282,0
0x4023b9fc74bd1f38a723cd82895fcc14d8337318,0x4023b9fc74bd1f38a723cd82895fcc14d8337318,0
0x28ddbd857827ddfee126db31a1a30a66cfcbf715,0x28ddbd857827ddfee126db31a1a30a66cfcbf715,0
0xe2a5e365a0e7d7994698bc537f66e051e4d01aa0,0xe2a5e365a0e7d7994698bc537f66e051e4d01aa0,0
0x7f35370c2b52ccad494b9596bc5c5e66b9f48f99,0x7f35370c2b52ccad494b9596bc5c5e66b9f48f99,1
0x0000000000085d4780b73119b644ae5ecd22b376,0x0000000000085d4780b73119b644ae5ecd22b376,0
0x8e870d67f660d95d5be530380d0ec0bd388289e1,0x8e870d67f660d95d5be530380d0ec0bd388289e1,0
0x446ce154e143fc1208a2d3876457038caa819428,0x446ce154e143fc1208a2d3876457038caa819428,0
